PRAGMA foreign_keys=OFF;
BEGIN TRANSACTION;
CREATE TABLE Location (Id INTEGER PRIMARY KEY, Location TEXT);
INSERT INTO Location VALUES(1,'Winch 1');
INSERT INTO Location VALUES(2,'Winch 2');
INSERT INTO Location VALUES(3,'Winch 3');
INSERT INTO Location VALUES(4,'Disposed');
INSERT INTO Location VALUES(5,'Unkown');
INSERT INTO Location VALUES(7,'MLB');
INSERT INTO Location VALUES(8,'Boneyard');
CREATE TABLE IF NOT EXISTS "django_migrations" ("id" integer NOT NULL PRIMARY KEY AUTOINCREMENT, "app" varchar(255) NOT NULL, "name" varchar(255) NOT NULL, "applied" datetime NOT NULL);
INSERT INTO django_migrations VALUES(1,'contenttypes','0001_initial','2022-07-29 15:25:54.717186');
INSERT INTO django_migrations VALUES(2,'auth','0001_initial','2022-07-29 15:25:54.759453');
INSERT INTO django_migrations VALUES(3,'admin','0001_initial','2022-07-29 15:25:54.777682');
INSERT INTO django_migrations VALUES(4,'admin','0002_logentry_remove_auto_add','2022-07-29 15:26:45.728136');
INSERT INTO django_migrations VALUES(5,'admin','0003_logentry_add_action_flag_choices','2022-07-29 15:26:45.798121');
INSERT INTO django_migrations VALUES(6,'contenttypes','0002_remove_content_type_name','2022-07-29 15:26:45.865248');
INSERT INTO django_migrations VALUES(7,'auth','0002_alter_permission_name_max_length','2022-07-29 15:26:45.889347');
INSERT INTO django_migrations VALUES(8,'auth','0003_alter_user_email_max_length','2022-07-29 15:26:45.898492');
INSERT INTO django_migrations VALUES(9,'auth','0004_alter_user_username_opts','2022-07-29 15:26:45.932097');
INSERT INTO django_migrations VALUES(10,'auth','0005_alter_user_last_login_null','2022-07-29 15:26:45.956630');
INSERT INTO django_migrations VALUES(11,'auth','0006_require_contenttypes_0002','2022-07-29 15:26:45.975911');
INSERT INTO django_migrations VALUES(12,'auth','0007_alter_validators_add_error_messages','2022-07-29 15:26:45.992169');
INSERT INTO django_migrations VALUES(13,'auth','0008_alter_user_username_max_length','2022-07-29 15:26:46.031415');
INSERT INTO django_migrations VALUES(14,'auth','0009_alter_user_last_name_max_length','2022-07-29 15:26:46.057043');
INSERT INTO django_migrations VALUES(15,'auth','0010_alter_group_name_max_length','2022-07-29 15:26:46.091666');
INSERT INTO django_migrations VALUES(16,'auth','0011_update_proxy_permissions','2022-07-29 15:26:46.103316');
INSERT INTO django_migrations VALUES(17,'auth','0012_alter_user_first_name_max_length','2022-07-29 15:26:46.142063');
INSERT INTO django_migrations VALUES(18,'sessions','0001_initial','2022-07-29 15:26:46.162245');
INSERT INTO django_migrations VALUES(19,'wwdb','0001_initial','2022-07-29 15:53:18.246457');
INSERT INTO django_migrations VALUES(20,'wwdb','0002_geeksmodel','2022-08-05 12:33:57.498961');
INSERT INTO django_migrations VALUES(21,'wwdb','0003_delete_geeksmodel','2022-08-05 13:08:49.580476');
INSERT INTO django_migrations VALUES(22,'wwdb','0002_cast2','2022-08-10 11:28:52.691624');
INSERT INTO django_migrations VALUES(23,'wwdb','0003_delete_cast2','2022-08-10 14:17:39.699606');
INSERT INTO django_migrations VALUES(24,'wwdb','0004_alter_cast_options','2022-08-15 11:35:15.612087');
INSERT INTO django_migrations VALUES(25,'wwdb','0005_alter_calibration_options_and_more','2022-08-15 11:35:15.690198');
INSERT INTO django_migrations VALUES(26,'wwdb','0006_calibration_calibrationid_and_more','2022-08-15 11:39:53.869885');
INSERT INTO django_migrations VALUES(27,'wwdb','0007_alter_cast_endtime_alter_cast_starttime','2022-08-15 11:41:37.479675');
INSERT INTO django_migrations VALUES(28,'wwdb','0008_remove_cast_endtime_remove_cast_starttime_and_more','2022-08-16 09:21:53.933260');
INSERT INTO django_migrations VALUES(29,'wwdb','0009_rename_cutbacksretermination_cutbackretermination_and_more','2022-08-16 12:31:24.462672');
INSERT INTO django_migrations VALUES(30,'wwdb','0010_winch_name','2022-08-17 11:05:45.749033');
INSERT INTO django_migrations VALUES(31,'wwdb','0011_deploymenttype_name','2022-08-17 11:08:16.668513');
INSERT INTO django_migrations VALUES(32,'wwdb','0012_remove_cast_operatorid_cast_endoperatorid_and_more','2022-08-17 11:31:26.684238');
INSERT INTO django_migrations VALUES(33,'wwdb','0013_rename_terminationid_termination_name_and_more','2022-08-17 12:22:49.865778');
INSERT INTO django_migrations VALUES(34,'wwdb','0014_deploymenttype_status','2022-08-31 10:04:50.953123');
INSERT INTO django_migrations VALUES(35,'wwdb','0015_alter_wire_status','2022-08-31 14:13:17.856099');
INSERT INTO django_migrations VALUES(36,'wwdb','0016_wire_winchid','2022-09-01 10:10:44.374536');
INSERT INTO django_migrations VALUES(37,'wwdb','0017_winchdrum_winch_active_winch_drum_winchdrum_winchid','2022-09-20 20:06:38.033522');
INSERT INTO django_migrations VALUES(38,'wwdb','0018_factorofsafety_remove_winch_drum_winch_drums_and_more','2022-09-20 22:00:25.816229');
INSERT INTO django_migrations VALUES(39,'wwdb','0019_drumlocation_alter_factorofsafety_options_and_more','2022-09-21 13:56:38.529786');
INSERT INTO django_migrations VALUES(40,'wwdb','0020_breaktest_remove_wiretermination_terminationid_and_more','2022-09-21 13:59:18.171288');
INSERT INTO django_migrations VALUES(41,'wwdb','0021_drumlocation_winchid_winch_drums','2022-09-21 15:04:02.195498');
INSERT INTO django_migrations VALUES(42,'wwdb','0022_drum_wire','2022-09-21 15:25:42.140568');
INSERT INTO django_migrations VALUES(43,'wwdb','0023_remove_drum_wire_alter_cast_startoperatorid','2022-12-07 13:32:15.989636');
INSERT INTO django_migrations VALUES(44,'wwdb','0024_remove_factorofsafety_wireid_and_more','2022-12-07 14:56:13.048244');
INSERT INTO django_migrations VALUES(45,'wwdb','0025_remove_factorofsafety_datetime_and_more','2022-12-07 14:58:33.892013');
INSERT INTO django_migrations VALUES(46,'wwdb','0026_cast_factorofsafety_cast_status','2022-12-07 17:48:56.991797');
INSERT INTO django_migrations VALUES(47,'wwdb','0027_alter_cast_factorofsafety','2022-12-07 17:50:38.903069');
INSERT INTO django_migrations VALUES(48,'wwdb','0028_remove_cast_status_cast_flagforreview','2022-12-07 17:53:57.729684');
INSERT INTO django_migrations VALUES(49,'wwdb','0029_alter_cast_factorofsafety','2022-12-07 18:19:33.263620');
INSERT INTO django_migrations VALUES(50,'wwdb','0030_alter_cast_factorofsafety','2022-12-07 18:21:05.496889');
INSERT INTO django_migrations VALUES(51,'wwdb','0031_alter_cast_endoperatorid','2022-12-09 12:55:42.508915');
INSERT INTO django_migrations VALUES(52,'wwdb','0032_alter_cast_deploymenttypeid_and_more','2022-12-09 12:58:53.968639');
INSERT INTO django_migrations VALUES(53,'wwdb','0033_winch_status','2022-12-09 13:01:07.505921');
INSERT INTO django_migrations VALUES(54,'wwdb','0034_remove_winch_active','2022-12-09 13:04:58.187836');
INSERT INTO django_migrations VALUES(55,'wwdb','0035_cast_payoutmaxtension_and_more','2022-12-22 16:33:34.359980');
INSERT INTO django_migrations VALUES(56,'wwdb','0036_remove_cutbackretermination_length','2022-12-27 14:40:52.104645');
INSERT INTO django_migrations VALUES(57,'wwdb','0037_alter_cutbackretermination_wireid','2022-12-27 15:43:44.444963');
INSERT INTO django_migrations VALUES(58,'wwdb','0038_drum_location','2022-12-30 19:37:17.813243');
INSERT INTO django_migrations VALUES(59,'wwdb','0039_remove_drumlocation_datetime','2022-12-31 20:12:39.455084');
INSERT INTO django_migrations VALUES(60,'wwdb','0040_drumlocation_date','2022-12-31 20:15:01.540131');
INSERT INTO django_migrations VALUES(61,'wwdb','0041_alter_breaktest_wireid_and_more','2022-12-31 21:24:51.342496');
INSERT INTO django_migrations VALUES(62,'wwdb','0042_remove_breaktest_testdate_breaktest_date','2022-12-31 21:32:48.485884');
INSERT INTO django_migrations VALUES(63,'wwdb','0043_alter_breaktest_wireid','2022-12-31 21:56:55.408502');
INSERT INTO django_migrations VALUES(64,'wwdb','0044_rename_winchid_wire_winch_and_more','2023-01-05 11:19:31.419813');
INSERT INTO django_migrations VALUES(65,'wwdb','0045_rename_wireid_wiredrum_wire_remove_wiredrum_drumid_and_more','2023-01-14 03:19:38.638319');
INSERT INTO django_migrations VALUES(66,'wwdb','0046_rename_wireid_breaktest_wire_and_more','2023-01-14 23:03:38.290563');
INSERT INTO django_migrations VALUES(67,'wwdb','0047_rename_deploymenttypeid_cast_deploymenttype_and_more','2023-01-15 05:47:04.102544');
INSERT INTO django_migrations VALUES(68,'wwdb','0048_remove_wire_length_wire_dryendtag','2023-01-15 05:47:04.135589');
INSERT INTO django_migrations VALUES(69,'wwdb','0049_cruise_remove_cutbackretermination_dryendtag_and_more','2023-01-15 21:49:43.601433');
INSERT INTO django_migrations VALUES(70,'wwdb','0050_cruise_status','2023-01-15 21:52:00.547793');
INSERT INTO django_migrations VALUES(71,'wwdb','0051_alter_cast_cruisenumber','2023-01-15 23:07:20.544236');
INSERT INTO django_migrations VALUES(72,'wwdb','0052_alter_cast_cruisenumber','2023-01-15 23:58:02.694672');
INSERT INTO django_migrations VALUES(73,'wwdb','0053_remove_cast_factorofsafety_alter_wire_winch','2023-01-16 00:19:02.442606');
INSERT INTO django_migrations VALUES(74,'wwdb','0054_cast_metermaxtension_alter_cast_payoutmaxtension','2023-03-01 18:04:48.277091');
INSERT INTO django_migrations VALUES(75,'wwdb','0055_cast_timemaxtension','2023-03-02 16:14:26.267772');
INSERT INTO django_migrations VALUES(76,'wwdb','0056_cast_dryendtag_cast_wetendtag','2023-03-03 15:28:39.034440');
INSERT INTO django_migrations VALUES(77,'wwdb','0057_alter_cast_startdate','2023-03-05 19:16:47.168614');
INSERT INTO django_migrations VALUES(78,'wwdb','0058_alter_cast_startdate','2023-03-05 21:46:17.334663');
INSERT INTO django_migrations VALUES(79,'wwdb','0059_alter_cast_startdate','2023-03-05 21:48:13.930949');
INSERT INTO django_migrations VALUES(80,'wwdb','0060_alter_breaktest_date_alter_calibrationmeta_date_and_more','2023-03-05 21:58:30.261186');
INSERT INTO django_migrations VALUES(81,'wwdb','0061_alter_cast_enddate','2023-03-06 16:22:42.148328');
INSERT INTO django_migrations VALUES(82,'wwdb','0062_alter_breaktest_date','2023-03-07 16:08:52.599513');
INSERT INTO django_migrations VALUES(83,'wwdb','0063_alter_breaktest_date','2023-03-07 16:15:38.077341');
INSERT INTO django_migrations VALUES(84,'wwdb','0064_alter_breaktest_date','2023-03-07 16:19:37.988278');
INSERT INTO django_migrations VALUES(85,'wwdb','0065_remove_cast_cruisenumber_cruise_enddate','2023-03-22 23:36:48.767356');
INSERT INTO django_migrations VALUES(86,'wwdb','0066_alter_cruise_enddate_alter_cruise_startdate','2023-09-07 16:11:29.920974');
INSERT INTO django_migrations VALUES(87,'wwdb','0067_ownershipstatus_wire_ownershipstatus','2023-09-19 15:33:39.075968');
INSERT INTO django_migrations VALUES(88,'wwdb','0068_motor_cast_motor','2023-10-12 17:49:03.678051');
INSERT INTO django_migrations VALUES(89,'wwdb','0069_cruise_scienceprovidedwinch_cruise_winch1_and_more','2023-11-27 17:14:37.324830');
INSERT INTO django_migrations VALUES(90,'wwdb','0070_cutbackretermination_lengthaftercutback','2023-12-18 14:19:23.920977');
INSERT INTO django_migrations VALUES(91,'wwdb','0071_remove_cutbackretermination_lengthremoved','2023-12-18 14:32:55.603096');
INSERT INTO django_migrations VALUES(92,'wwdb','0072_drumlocation_wire','2023-12-18 07:02:20.842373');
INSERT INTO django_migrations VALUES(93,'wwdb','0073_cutbackretermination_dryendtag','2023-12-19 04:32:13.478968');
INSERT INTO django_migrations VALUES(94,'wwdb','0074_alter_cast_deploymenttype_alter_cast_endoperator_and_more','2024-02-19 19:47:57.940897');
INSERT INTO django_migrations VALUES(95,'wwdb','0075_terminationtype_alter_deploymenttype_options_and_more','2024-03-07 10:48:02.867723');
INSERT INTO django_migrations VALUES(96,'wwdb','0076_alter_terminationtype_name','2024-03-07 10:49:24.002436');
INSERT INTO django_migrations VALUES(97,'wwdb','0077_rename_scienceprovidedwinch_cruise_scienceprovidedwinchnotes_and_more','2024-03-07 11:03:10.300452');
CREATE TABLE IF NOT EXISTS "auth_group_permissions" ("id" integer NOT NULL PRIMARY KEY AUTOINCREMENT, "group_id" integer NOT NULL REFERENCES "auth_group" ("id") DEFERRABLE INITIALLY DEFERRED, "permission_id" integer NOT NULL REFERENCES "auth_permission" ("id") DEFERRABLE INITIALLY DEFERRED);
CREATE TABLE IF NOT EXISTS "auth_user_groups" ("id" integer NOT NULL PRIMARY KEY AUTOINCREMENT, "user_id" integer NOT NULL REFERENCES "auth_user" ("id") DEFERRABLE INITIALLY DEFERRED, "group_id" integer NOT NULL REFERENCES "auth_group" ("id") DEFERRABLE INITIALLY DEFERRED);
CREATE TABLE IF NOT EXISTS "auth_user_user_permissions" ("id" integer NOT NULL PRIMARY KEY AUTOINCREMENT, "user_id" integer NOT NULL REFERENCES "auth_user" ("id") DEFERRABLE INITIALLY DEFERRED, "permission_id" integer NOT NULL REFERENCES "auth_permission" ("id") DEFERRABLE INITIALLY DEFERRED);
CREATE TABLE IF NOT EXISTS "django_admin_log" ("id" integer NOT NULL PRIMARY KEY AUTOINCREMENT, "action_time" datetime NOT NULL, "object_id" text NULL, "object_repr" varchar(200) NOT NULL, "change_message" text NOT NULL, "content_type_id" integer NULL REFERENCES "django_content_type" ("id") DEFERRABLE INITIALLY DEFERRED, "user_id" integer NOT NULL REFERENCES "auth_user" ("id") DEFERRABLE INITIALLY DEFERRED, "action_flag" smallint unsigned NOT NULL CHECK ("action_flag" >= 0));
INSERT INTO django_admin_log VALUES(1,'2022-08-01 12:02:20.109939','13','Wire object (13)','[]',21,1,2);
INSERT INTO django_admin_log VALUES(2,'2022-08-01 14:14:06.957297','5','Drum object (5)','[{"changed": {"fields": ["Internalid", "Color", "Size", "Material", "Wiretype", "Locationid"]}}]',12,1,2);
INSERT INTO django_admin_log VALUES(3,'2022-08-01 14:14:34.049367','6','Drum object (6)','[{"added": {}}]',12,1,1);
INSERT INTO django_admin_log VALUES(4,'2022-08-01 14:15:11.502734','7','Drum object (7)','[{"added": {}}]',12,1,1);
INSERT INTO django_admin_log VALUES(5,'2022-08-01 14:15:33.167289','5','Drum object (5)','[{"changed": {"fields": ["Internalid"]}}]',12,1,2);
INSERT INTO django_admin_log VALUES(6,'2022-08-01 14:15:44.287921','6','Drum object (6)','[{"changed": {"fields": ["Internalid"]}}]',12,1,2);
INSERT INTO django_admin_log VALUES(7,'2022-08-01 14:15:55.342521','7','Drum object (7)','[{"changed": {"fields": ["Internalid"]}}]',12,1,2);
INSERT INTO django_admin_log VALUES(8,'2022-08-01 14:16:44.864493','4','Drum object (4)','[{"changed": {"fields": ["Internalid", "Size", "Material", "Wiretype"]}}]',12,1,2);
INSERT INTO django_admin_log VALUES(9,'2022-08-01 14:17:23.598967','3','Drum object (3)','[{"changed": {"fields": ["Internalid", "Wiretype"]}}]',12,1,2);
INSERT INTO django_admin_log VALUES(10,'2022-08-01 14:17:31.458922','2','Drum object (2)','[{"changed": {"fields": ["Internalid"]}}]',12,1,2);
INSERT INTO django_admin_log VALUES(11,'2022-08-01 14:17:42.230185','1','Drum object (1)','[]',12,1,2);
INSERT INTO django_admin_log VALUES(12,'2022-08-01 14:18:15.944345','8','Drum object (8)','[{"added": {}}]',12,1,1);
INSERT INTO django_admin_log VALUES(13,'2022-08-01 14:18:31.553071','9','Drum object (9)','[{"added": {}}]',12,1,1);
INSERT INTO django_admin_log VALUES(14,'2022-08-01 14:19:04.423245','10','Drum object (10)','[{"added": {}}]',12,1,1);
INSERT INTO django_admin_log VALUES(15,'2022-08-01 14:19:27.562954','11','Drum object (11)','[{"added": {}}]',12,1,1);
INSERT INTO django_admin_log VALUES(16,'2022-08-01 14:24:24.024519','1','Drum object (1)','[{"changed": {"fields": ["Internalid", "Size", "Material"]}}]',12,1,2);
INSERT INTO django_admin_log VALUES(17,'2022-08-01 14:25:28.099161','12','Drum object (12)','[{"added": {}}]',12,1,1);
INSERT INTO django_admin_log VALUES(18,'2022-08-01 14:26:12.253613','13','Drum object (13)','[{"added": {}}]',12,1,1);
INSERT INTO django_admin_log VALUES(19,'2022-08-01 14:26:37.777645','14','Drum object (14)','[{"added": {}}]',12,1,1);
INSERT INTO django_admin_log VALUES(20,'2022-08-01 14:26:58.120127','15','Drum object (15)','[{"added": {}}]',12,1,1);
INSERT INTO django_admin_log VALUES(21,'2022-08-01 14:27:13.950608','11','Drum object (11)','',12,1,3);
INSERT INTO django_admin_log VALUES(22,'2022-08-01 14:27:31.539240','2','Drum object (2)','[{"changed": {"fields": ["Locationid"]}}]',12,1,2);
INSERT INTO django_admin_log VALUES(23,'2022-08-01 14:30:04.702604','16','Drum object (16)','[{"added": {}}]',12,1,1);
INSERT INTO django_admin_log VALUES(24,'2022-08-02 09:58:26.672454','13','Wire object (13)','[]',21,1,2);
INSERT INTO django_admin_log VALUES(25,'2022-08-02 09:58:47.752854','7','Wire object (7)','[{"changed": {"fields": ["Notes"]}}]',21,1,2);
INSERT INTO django_admin_log VALUES(26,'2022-08-02 09:59:32.881255','11','Wire object (11)','',21,1,3);
INSERT INTO django_admin_log VALUES(27,'2022-08-02 09:59:32.889918','10','Wire object (10)','',21,1,3);
INSERT INTO django_admin_log VALUES(28,'2022-08-02 09:59:32.897517','9','Wire object (9)','',21,1,3);
INSERT INTO django_admin_log VALUES(29,'2022-08-02 10:00:46.316979','10','Wire object (10)','',21,1,3);
INSERT INTO django_admin_log VALUES(30,'2022-08-02 10:04:27.566828','10','Wire object (10)','',21,1,3);
INSERT INTO django_admin_log VALUES(31,'2022-08-02 10:15:48.297431','10','Wire object (10)','',21,2,3);
INSERT INTO django_admin_log VALUES(32,'2022-08-02 10:36:20.830466','9','Wire object (9)','',21,2,3);
INSERT INTO django_admin_log VALUES(33,'2022-08-02 10:36:38.290197','11','Wire object (11)','',21,2,3);
INSERT INTO django_admin_log VALUES(34,'2022-08-02 10:36:57.332098','10','Wire object (10)','',21,2,3);
INSERT INTO django_admin_log VALUES(35,'2022-08-03 09:25:35.700466','14','Wire object (14)','[{"added": {}}]',21,2,1);
INSERT INTO django_admin_log VALUES(36,'2022-08-03 09:26:40.155575','13','Wire object (13)','[{"changed": {"fields": ["Status"]}}]',21,2,2);
INSERT INTO django_admin_log VALUES(37,'2022-08-03 09:26:47.502219','12','Wire object (12)','[{"changed": {"fields": ["Status"]}}]',21,2,2);
INSERT INTO django_admin_log VALUES(38,'2022-08-03 09:26:52.723906','8','Wire object (8)','[{"changed": {"fields": ["Status"]}}]',21,2,2);
INSERT INTO django_admin_log VALUES(39,'2022-08-03 09:27:07.788102','7','Wire object (7)','[{"changed": {"fields": ["Status"]}}]',21,2,2);
INSERT INTO django_admin_log VALUES(40,'2022-08-03 09:27:30.327364','6','Wire object (6)','[{"changed": {"fields": ["Length", "Status"]}}]',21,2,2);
INSERT INTO django_admin_log VALUES(41,'2022-08-03 09:27:48.971630','5','Wire object (5)','[{"changed": {"fields": ["Status"]}}]',21,2,2);
INSERT INTO django_admin_log VALUES(42,'2022-08-03 09:28:12.410394','4','Wire object (4)','[{"changed": {"fields": ["Length", "Status"]}}]',21,2,2);
INSERT INTO django_admin_log VALUES(43,'2022-08-03 09:28:24.437678','3','Wire object (3)','[{"changed": {"fields": ["Status"]}}]',21,2,2);
INSERT INTO django_admin_log VALUES(44,'2022-08-03 09:28:31.343088','2','Wire object (2)','[{"changed": {"fields": ["Status"]}}]',21,2,2);
INSERT INTO django_admin_log VALUES(45,'2022-08-03 09:28:39.138246','1','Wire object (1)','[{"changed": {"fields": ["Status"]}}]',21,2,2);
INSERT INTO django_admin_log VALUES(46,'2022-08-03 09:31:24.062146','14','Wire object (14)','[{"changed": {"fields": ["Manufacturerid", "Manufacturer", "Cabletype", "Nominalbreakingload"]}}]',21,2,2);
INSERT INTO django_admin_log VALUES(47,'2022-08-03 09:32:47.578884','13','Wire object (13)','[{"changed": {"fields": ["Manufacturerid", "Manufacturerpartnumber", "Manufacturer"]}}]',21,2,2);
INSERT INTO django_admin_log VALUES(48,'2022-08-03 09:33:32.497517','14','Wire object (14)','[{"changed": {"fields": ["Manufacturerid", "Manufacturerpartnumber", "Manufacturer"]}}]',21,2,2);
INSERT INTO django_admin_log VALUES(49,'2022-08-03 09:34:12.668206','1','Wire object (1)','[{"changed": {"fields": ["Manufacturerpartnumber", "Manufacturer"]}}]',21,2,2);
INSERT INTO django_admin_log VALUES(50,'2022-08-03 09:35:28.015608','12','Wire object (12)','[{"changed": {"fields": ["Manufacturerid", "Manufacturerpartnumber", "Manufacturer", "Nominalbreakingload"]}}]',21,2,2);
INSERT INTO django_admin_log VALUES(51,'2022-08-03 09:36:30.900204','8','Wire object (8)','[{"changed": {"fields": ["Manufacturerid", "Manufacturerpartnumber", "Manufacturer", "Totalbreakingload"]}}]',21,2,2);
INSERT INTO django_admin_log VALUES(52,'2022-08-03 09:37:22.203745','7','Wire object (7)','[{"changed": {"fields": ["Manufacturerid", "Manufacturerpartnumber", "Manufacturer", "Nominalbreakingload"]}}]',21,2,2);
INSERT INTO django_admin_log VALUES(53,'2022-08-03 09:38:27.777895','6','Wire object (6)','[{"changed": {"fields": ["Manufacturerid", "Manufacturerpartnumber", "Manufacturer", "Totalbreakingload"]}}]',21,2,2);
INSERT INTO django_admin_log VALUES(54,'2022-08-03 09:39:09.725591','5','Wire object (5)','[{"changed": {"fields": ["Manufacturerid", "Totalbreakingload"]}}]',21,2,2);
INSERT INTO django_admin_log VALUES(55,'2022-08-03 09:40:06.967142','4','Wire object (4)','[{"changed": {"fields": ["Manufacturerid", "Manufacturerpartnumber", "Manufacturer", "Totalbreakingload"]}}]',21,2,2);
INSERT INTO django_admin_log VALUES(56,'2022-08-03 09:53:38.606365','14','Wire object (14)','[{"changed": {"fields": ["Weightperfoot"]}}]',21,2,2);
INSERT INTO django_admin_log VALUES(57,'2022-08-03 11:05:37.066539','1','WireRopeData object (1)','[{"added": {}}]',24,2,1);
INSERT INTO django_admin_log VALUES(58,'2022-08-03 11:06:26.369619','2','WireRopeData object (2)','[{"added": {}}]',24,2,1);
INSERT INTO django_admin_log VALUES(59,'2022-08-03 11:09:07.522681','3','WireRopeData object (3)','[{"added": {}}]',24,2,1);
INSERT INTO django_admin_log VALUES(60,'2022-08-03 11:09:49.886297','4','WireRopeData object (4)','[{"added": {}}]',24,2,1);
INSERT INTO django_admin_log VALUES(61,'2022-08-03 11:11:36.115717','5','WireRopeData object (5)','[{"added": {}}]',24,2,1);
INSERT INTO django_admin_log VALUES(62,'2022-08-03 11:13:08.631908','6','WireRopeData object (6)','[{"added": {}}]',24,2,1);
INSERT INTO django_admin_log VALUES(63,'2022-08-03 11:38:45.926074','14','Wire object (14)','[{"changed": {"fields": ["Wireropeid"]}}]',21,2,2);
INSERT INTO django_admin_log VALUES(64,'2022-08-03 11:45:21.464296','13','Wire object (13)','[{"changed": {"fields": ["Wireropeid"]}}]',21,2,2);
INSERT INTO django_admin_log VALUES(65,'2022-08-03 11:45:36.214005','12','Wire object (12)','[{"changed": {"fields": ["Wireropeid"]}}]',21,2,2);
INSERT INTO django_admin_log VALUES(66,'2022-08-03 11:45:50.220717','8','Wire object (8)','[{"changed": {"fields": ["Wireropeid"]}}]',21,2,2);
INSERT INTO django_admin_log VALUES(67,'2022-08-03 11:46:03.414440','7','Wire object (7)','[{"changed": {"fields": ["Wireropeid"]}}]',21,2,2);
INSERT INTO django_admin_log VALUES(68,'2022-08-03 11:46:19.560814','6','Wire object (6)','[{"changed": {"fields": ["Wireropeid"]}}]',21,2,2);
INSERT INTO django_admin_log VALUES(69,'2022-08-03 11:46:38.824761','5','Wire object (5)','[{"changed": {"fields": ["Wireropeid"]}}]',21,2,2);
INSERT INTO django_admin_log VALUES(70,'2022-08-03 11:46:55.392337','4','Wire object (4)','[{"changed": {"fields": ["Wireropeid"]}}]',21,2,2);
INSERT INTO django_admin_log VALUES(71,'2022-08-03 11:47:07.562939','3','Wire object (3)','[{"changed": {"fields": ["Wireropeid"]}}]',21,2,2);
INSERT INTO django_admin_log VALUES(72,'2022-08-03 11:47:17.802893','2','Wire object (2)','[{"changed": {"fields": ["Wireropeid"]}}]',21,2,2);
INSERT INTO django_admin_log VALUES(73,'2022-08-03 11:47:30.651081','1','Wire object (1)','[{"changed": {"fields": ["Wireropeid"]}}]',21,2,2);
INSERT INTO django_admin_log VALUES(74,'2022-08-03 11:51:45.445045','13','Drum object (13)','[{"changed": {"fields": ["Internalid", "Color"]}}]',12,2,2);
INSERT INTO django_admin_log VALUES(75,'2022-08-03 11:52:20.935301','1','Drum object (1)','[{"changed": {"fields": ["Internalid", "Color"]}}]',12,2,2);
INSERT INTO django_admin_log VALUES(76,'2022-08-03 11:52:44.334738','16','Drum object (16)','[{"changed": {"fields": ["Internalid"]}}]',12,2,2);
INSERT INTO django_admin_log VALUES(77,'2022-08-03 11:52:55.011963','1','Drum object (1)','[{"changed": {"fields": ["Internalid"]}}]',12,2,2);
INSERT INTO django_admin_log VALUES(78,'2022-08-03 11:53:04.074774','13','Drum object (13)','[{"changed": {"fields": ["Internalid"]}}]',12,2,2);
INSERT INTO django_admin_log VALUES(79,'2022-08-03 11:58:46.068887','13','Wire object (13)','[]',21,2,2);
INSERT INTO django_admin_log VALUES(80,'2022-08-03 12:22:07.854560','3','Wiredrum object (3)','[]',22,2,2);
INSERT INTO django_admin_log VALUES(81,'2022-08-03 12:29:27.049654','3','Wiredrum object (3)','[{"changed": {"fields": ["Wireid", "Notes"]}}]',22,2,2);
INSERT INTO django_admin_log VALUES(82,'2022-08-03 12:30:04.416897','2','Wiredrum object (2)','[{"changed": {"fields": ["Drumid", "Wireid", "Date", "Notes"]}}]',22,2,2);
INSERT INTO django_admin_log VALUES(83,'2022-08-03 12:30:13.460745','3','Wiredrum object (3)','[{"changed": {"fields": ["Date"]}}]',22,2,2);
INSERT INTO django_admin_log VALUES(84,'2022-08-03 12:30:33.679815','1','Wiredrum object (1)','[{"changed": {"fields": ["Drumid", "Wireid", "Date", "Notes"]}}]',22,2,2);
INSERT INTO django_admin_log VALUES(85,'2022-08-03 12:30:47.524367','4','Wiredrum object (4)','[{"added": {}}]',22,2,1);
INSERT INTO django_admin_log VALUES(86,'2022-08-03 12:31:03.516792','5','Wiredrum object (5)','[{"added": {}}]',22,2,1);
INSERT INTO django_admin_log VALUES(87,'2022-08-03 12:31:21.413544','6','Wiredrum object (6)','[{"added": {}}]',22,2,1);
INSERT INTO django_admin_log VALUES(88,'2022-08-03 12:31:44.041860','7','Wiredrum object (7)','[{"added": {}}]',22,2,1);
INSERT INTO django_admin_log VALUES(89,'2022-08-03 12:32:04.515727','8','Wiredrum object (8)','[{"added": {}}]',22,2,1);
INSERT INTO django_admin_log VALUES(90,'2022-08-03 12:32:17.613665','9','Wiredrum object (9)','[{"added": {}}]',22,2,1);
INSERT INTO django_admin_log VALUES(91,'2022-08-03 12:32:50.175311','10','Wiredrum object (10)','[{"added": {}}]',22,2,1);
INSERT INTO django_admin_log VALUES(92,'2022-08-03 12:33:16.957395','11','Wiredrum object (11)','[{"added": {}}]',22,2,1);
INSERT INTO django_admin_log VALUES(93,'2022-08-03 12:36:07.534010','5','Drum object (5)','[{"changed": {"fields": ["Weight"]}}]',12,2,2);
INSERT INTO django_admin_log VALUES(94,'2022-08-03 12:36:20.003510','6','Drum object (6)','[{"changed": {"fields": ["Weight"]}}]',12,2,2);
INSERT INTO django_admin_log VALUES(95,'2022-08-03 12:36:35.160407','7','Drum object (7)','[{"changed": {"fields": ["Weight"]}}]',12,2,2);
INSERT INTO django_admin_log VALUES(96,'2022-08-10 11:15:02.585527','15','Cast object (15)','',9,2,3);
INSERT INTO django_admin_log VALUES(97,'2022-08-10 11:15:02.593870','14','Cast object (14)','',9,2,3);
INSERT INTO django_admin_log VALUES(98,'2022-08-10 11:15:02.599481','13','Cast object (13)','',9,2,3);
INSERT INTO django_admin_log VALUES(99,'2022-08-10 11:15:02.605209','11','Cast object (11)','',9,2,3);
INSERT INTO django_admin_log VALUES(100,'2022-08-10 11:15:02.610193','10','Cast object (10)','',9,2,3);
INSERT INTO django_admin_log VALUES(101,'2022-08-10 11:15:02.614781','8','Cast object (8)','',9,2,3);
INSERT INTO django_admin_log VALUES(102,'2022-08-10 11:15:02.619276','7','Cast object (7)','',9,2,3);
INSERT INTO django_admin_log VALUES(103,'2022-08-10 11:15:02.623275','6','Cast object (6)','',9,2,3);
INSERT INTO django_admin_log VALUES(104,'2022-08-10 11:15:02.627582','5','Cast object (5)','',9,2,3);
INSERT INTO django_admin_log VALUES(105,'2022-08-10 11:15:02.633819','4','Cast object (4)','',9,2,3);
INSERT INTO django_admin_log VALUES(106,'2022-08-10 11:15:02.637734','1','Cast object (1)','',9,2,3);
INSERT INTO django_admin_log VALUES(107,'2022-08-11 11:11:04.982305','17','Cutbacksretermination object (17)','[{"added": {}}]',10,2,1);
INSERT INTO django_admin_log VALUES(108,'2022-08-11 12:37:35.872421','4','Cast object (4)','[{"added": {}}]',9,2,1);
INSERT INTO django_admin_log VALUES(109,'2022-08-11 12:40:17.710943','5','Cast object (5)','[{"added": {}}]',9,2,1);
INSERT INTO django_admin_log VALUES(110,'2022-08-17 08:53:49.042829','17','CutbackRetermination object (17)','[{"changed": {"fields": ["Wireid"]}}]',10,2,2);
INSERT INTO django_admin_log VALUES(111,'2022-08-17 11:06:27.526312','3','winch1','[{"changed": {"fields": ["Name"]}}]',19,2,2);
INSERT INTO django_admin_log VALUES(112,'2022-08-17 11:06:36.901462','2','winch2','[{"changed": {"fields": ["Name"]}}]',19,2,2);
INSERT INTO django_admin_log VALUES(113,'2022-08-17 11:06:44.611726','1','winch3','[{"changed": {"fields": ["Name"]}}]',19,2,2);
INSERT INTO django_admin_log VALUES(114,'2022-08-17 11:08:53.810252','5','Mocness','[{"changed": {"fields": ["Name"]}}]',11,2,2);
INSERT INTO django_admin_log VALUES(115,'2022-08-17 11:09:12.573208','3','CTD 24pl 10l','[{"changed": {"fields": ["Name"]}}]',11,2,2);
INSERT INTO django_admin_log VALUES(116,'2022-08-17 11:09:22.921187','2','CTD 12pl 10l','[{"changed": {"fields": ["Name"]}}]',11,2,2);
INSERT INTO django_admin_log VALUES(117,'2022-08-17 11:09:38.021748','1','CTD 24pl 30l','[{"changed": {"fields": ["Name"]}}]',11,2,2);
INSERT INTO django_admin_log VALUES(118,'2022-08-17 11:10:07.120624','4','McLane pump','[{"changed": {"fields": ["Name"]}}]',11,2,2);
INSERT INTO django_admin_log VALUES(119,'2022-08-17 11:11:19.923975','5','bclarke','[{"changed": {"fields": ["Username"]}}]',20,2,2);
INSERT INTO django_admin_log VALUES(120,'2022-08-17 11:11:26.661601','4','None','',20,2,3);
INSERT INTO django_admin_log VALUES(121,'2022-08-17 11:12:04.846738','3','osisson','[{"changed": {"fields": ["Username"]}}]',20,2,2);
INSERT INTO django_admin_log VALUES(122,'2022-08-17 11:12:11.985870','2','drogers','[{"changed": {"fields": ["Username"]}}]',20,2,2);
INSERT INTO django_admin_log VALUES(123,'2022-08-17 11:12:23.720647','1','vriechl','[{"changed": {"fields": ["Lastname", "Username"]}}]',20,2,2);
INSERT INTO django_admin_log VALUES(124,'2022-08-17 12:26:19.764195','6','9/16 Wireco','[{"changed": {"fields": ["Name"]}}]',24,2,2);
INSERT INTO django_admin_log VALUES(125,'2022-08-17 12:26:31.758983','5','680 Rochester','[{"changed": {"fields": ["Name"]}}]',24,2,2);
INSERT INTO django_admin_log VALUES(126,'2022-08-17 12:26:43.364243','4','9/16 WRCA','[{"changed": {"fields": ["Name"]}}]',24,2,2);
INSERT INTO django_admin_log VALUES(127,'2022-08-17 12:26:55.250327','3','1/4 MacWhyte','[{"changed": {"fields": ["Name"]}}]',24,2,2);
INSERT INTO django_admin_log VALUES(128,'2022-08-17 12:27:07.982517','2','322 Rochester','[{"changed": {"fields": ["Name"]}}]',24,2,2);
INSERT INTO django_admin_log VALUES(129,'2022-08-17 12:27:19.174970','1','680 Rochester','[{"changed": {"fields": ["Name"]}}]',24,2,2);
INSERT INTO django_admin_log VALUES(130,'2022-08-17 12:35:16.079159','5','680 Rochester','',24,2,3);
INSERT INTO django_admin_log VALUES(131,'2022-08-17 12:35:42.590403','14','OTH-046','[{"changed": {"fields": ["Wireropeid"]}}]',21,2,2);
INSERT INTO django_admin_log VALUES(132,'2022-08-17 12:36:13.632417','3','NSF-17-C178','[{"changed": {"fields": ["Wireropeid"]}}]',21,2,2);
INSERT INTO django_admin_log VALUES(133,'2022-08-17 12:36:33.959215','5','NSF-06-C136','[{"changed": {"fields": ["Wireropeid"]}}]',21,2,2);
INSERT INTO django_admin_log VALUES(134,'2022-08-17 12:37:10.590197','4','NSF-94-C84','[{"changed": {"fields": ["Wireropeid"]}}]',21,2,2);
INSERT INTO django_admin_log VALUES(135,'2022-08-17 12:37:28.403779','6','NSF-09-C149','[{"changed": {"fields": ["Wireropeid"]}}]',21,2,2);
INSERT INTO django_admin_log VALUES(136,'2022-08-17 12:38:01.011479','8','NSF-93-H15a','[{"changed": {"fields": ["Wireropeid"]}}]',21,2,2);
INSERT INTO django_admin_log VALUES(137,'2022-08-17 12:38:08.802718','7','NSF-93-H15c','[{"changed": {"fields": ["Wireropeid"]}}]',21,2,2);
INSERT INTO django_admin_log VALUES(138,'2022-08-17 12:38:19.077714','12','NSF-93-H15b','[{"changed": {"fields": ["Wireropeid"]}}]',21,2,2);
INSERT INTO django_admin_log VALUES(139,'2022-08-17 12:38:34.281519','2','NSF-19-C187','[{"changed": {"fields": ["Wireropeid"]}}]',21,2,2);
INSERT INTO django_admin_log VALUES(140,'2022-08-17 12:40:42.917005','1','NSF-09-T41','[{"changed": {"fields": ["Wireropeid"]}}]',21,2,2);
INSERT INTO django_admin_log VALUES(141,'2022-08-17 12:41:10.864434','13','NSF-07-T36','[{"changed": {"fields": ["Wireropeid"]}}]',21,2,2);
INSERT INTO django_admin_log VALUES(142,'2022-08-17 12:45:29.784673','11','steel_gray_004','[{"changed": {"fields": ["Drumid", "Wireid"]}}]',22,2,2);
INSERT INTO django_admin_log VALUES(143,'2022-08-17 12:46:03.575485','10','steel_red_003','[{"changed": {"fields": ["Drumid", "Wireid"]}}]',22,2,2);
INSERT INTO django_admin_log VALUES(144,'2022-08-17 12:46:49.430153','9','wood_002','[{"changed": {"fields": ["Drumid", "Wireid"]}}]',22,2,2);
INSERT INTO django_admin_log VALUES(145,'2022-08-17 12:47:12.171420','8','wood_001','[{"changed": {"fields": ["Drumid", "Wireid"]}}]',22,2,2);
INSERT INTO django_admin_log VALUES(146,'2022-08-17 12:47:36.745392','7','steel_gray_002','[{"changed": {"fields": ["Drumid", "Wireid"]}}]',22,2,2);
INSERT INTO django_admin_log VALUES(147,'2022-08-17 12:48:02.285450','6','steel_gray_001','[{"changed": {"fields": ["Drumid", "Wireid"]}}]',22,2,2);
INSERT INTO django_admin_log VALUES(148,'2022-08-17 12:49:02.428900','5','winch1a','[{"changed": {"fields": ["Drumid", "Wireid"]}}]',22,2,2);
INSERT INTO django_admin_log VALUES(149,'2022-08-17 12:49:33.243942','4','steel_red_002','[{"changed": {"fields": ["Drumid", "Wireid"]}}]',22,2,2);
INSERT INTO django_admin_log VALUES(150,'2022-08-17 12:49:57.565485','3','winch2_002','[{"changed": {"fields": ["Drumid", "Wireid"]}}]',22,2,2);
INSERT INTO django_admin_log VALUES(151,'2022-08-17 12:50:23.336429','2','winch2_001','[{"changed": {"fields": ["Drumid", "Wireid"]}}]',22,2,2);
INSERT INTO django_admin_log VALUES(152,'2022-08-17 12:51:33.149234','1','steel_red_001','[{"changed": {"fields": ["Drumid"]}}]',22,2,2);
INSERT INTO django_admin_log VALUES(153,'2022-08-17 12:52:10.025053','1','winch1b','[{"changed": {"fields": ["Drumid"]}}]',22,2,2);
INSERT INTO django_admin_log VALUES(154,'2022-08-17 12:53:13.119695','1','steel_gray_003','[{"changed": {"fields": ["Drumid", "Wireid"]}}]',22,2,2);
INSERT INTO django_admin_log VALUES(155,'2022-08-17 12:53:58.303083','16','001','[{"changed": {"fields": ["Internalid"]}}]',12,2,2);
INSERT INTO django_admin_log VALUES(156,'2022-08-17 12:54:13.332175','15','002','[{"changed": {"fields": ["Internalid"]}}]',12,2,2);
INSERT INTO django_admin_log VALUES(157,'2022-08-17 12:54:22.301858','14','003','[{"changed": {"fields": ["Internalid"]}}]',12,2,2);
INSERT INTO django_admin_log VALUES(158,'2022-08-17 12:54:28.993625','13','004','[{"changed": {"fields": ["Internalid"]}}]',12,2,2);
INSERT INTO django_admin_log VALUES(159,'2022-08-17 12:54:35.755039','12','005','[{"changed": {"fields": ["Internalid"]}}]',12,2,2);
INSERT INTO django_admin_log VALUES(160,'2022-08-17 12:54:43.171311','10','006','[{"changed": {"fields": ["Internalid"]}}]',12,2,2);
INSERT INTO django_admin_log VALUES(161,'2022-08-17 12:54:51.687608','9','007','[{"changed": {"fields": ["Internalid"]}}]',12,2,2);
INSERT INTO django_admin_log VALUES(162,'2022-08-17 12:54:58.239886','8','008','[{"changed": {"fields": ["Internalid"]}}]',12,2,2);
INSERT INTO django_admin_log VALUES(163,'2022-08-17 12:55:05.016616','7','009','[{"changed": {"fields": ["Internalid"]}}]',12,2,2);
INSERT INTO django_admin_log VALUES(164,'2022-08-17 12:55:11.285308','6','010','[{"changed": {"fields": ["Internalid"]}}]',12,2,2);
INSERT INTO django_admin_log VALUES(165,'2022-08-17 12:55:19.237968','5','011','[{"changed": {"fields": ["Internalid"]}}]',12,2,2);
INSERT INTO django_admin_log VALUES(166,'2022-08-17 12:55:26.898500','4','012','[{"changed": {"fields": ["Internalid"]}}]',12,2,2);
INSERT INTO django_admin_log VALUES(167,'2022-08-17 12:55:35.717737','3','013','[{"changed": {"fields": ["Internalid"]}}]',12,2,2);
INSERT INTO django_admin_log VALUES(168,'2022-08-17 12:55:42.728422','2','014','[{"changed": {"fields": ["Internalid"]}}]',12,2,2);
INSERT INTO django_admin_log VALUES(169,'2022-08-17 12:55:50.392410','1','015','[{"changed": {"fields": ["Internalid"]}}]',12,2,2);
INSERT INTO django_admin_log VALUES(170,'2022-08-17 12:59:20.324376','4','012','[{"changed": {"fields": ["Locationid"]}}]',12,2,2);
INSERT INTO django_admin_log VALUES(171,'2022-08-17 13:00:48.150592','3','013','[{"changed": {"fields": ["Locationid"]}}]',12,2,2);
INSERT INTO django_admin_log VALUES(172,'2022-08-17 13:01:37.276061','4','012','[{"changed": {"fields": ["Locationid"]}}]',12,2,2);
INSERT INTO django_admin_log VALUES(173,'2022-08-17 13:02:01.883094','13','004','[{"changed": {"fields": ["Locationid"]}}]',12,2,2);
INSERT INTO django_admin_log VALUES(174,'2022-08-17 13:02:17.727648','3','013','[{"changed": {"fields": ["Size"]}}]',12,2,2);
INSERT INTO django_admin_log VALUES(175,'2022-08-22 12:17:09.376411','4','2022-06-30','[{"changed": {"fields": ["Wetendtag", "Wireid"]}}]',10,2,2);
INSERT INTO django_admin_log VALUES(176,'2022-08-22 12:18:15.171949','5','2022-06-30','[{"changed": {"fields": ["Wetendtag", "Wireid"]}}]',10,2,2);
INSERT INTO django_admin_log VALUES(177,'2022-08-22 12:20:31.740447','12','2022-06-30','[{"changed": {"fields": ["Wireid"]}}]',10,2,2);
INSERT INTO django_admin_log VALUES(178,'2022-08-22 12:20:50.651193','8','2022-06-30','[{"changed": {"fields": ["Wireid"]}}]',10,2,2);
INSERT INTO django_admin_log VALUES(179,'2022-08-22 12:21:32.397893','3','2022-06-20','[{"changed": {"fields": ["Dryendtag", "Lengthremoved", "Wireid"]}}]',10,2,2);
INSERT INTO django_admin_log VALUES(180,'2022-08-22 12:23:18.915835','10','2022-06-30','[{"changed": {"fields": ["Dryendtag", "Wetendtag", "Wireid"]}}]',10,2,2);
INSERT INTO django_admin_log VALUES(181,'2022-08-22 12:24:04.827076','11','2022-06-30','[{"changed": {"fields": ["Wireid"]}}]',10,2,2);
INSERT INTO django_admin_log VALUES(182,'2022-08-22 12:24:22.261284','12','2022-06-30','[]',10,2,2);
INSERT INTO django_admin_log VALUES(183,'2022-08-22 12:25:09.268541','14','2022-03-18','[{"changed": {"fields": ["Wireid"]}}]',10,2,2);
INSERT INTO django_admin_log VALUES(184,'2022-08-22 12:25:45.430667','15','2022-06-30','[{"changed": {"fields": ["Wireid"]}}]',10,2,2);
INSERT INTO django_admin_log VALUES(185,'2022-08-22 12:26:37.045529','1','2022-06-21','[{"changed": {"fields": ["Wireid"]}}]',10,2,2);
INSERT INTO django_admin_log VALUES(186,'2022-08-22 12:26:54.657900','2','2022-05-02','[{"changed": {"fields": ["Wireid"]}}]',10,2,2);
INSERT INTO django_admin_log VALUES(187,'2022-08-22 12:27:18.645825','7','2022-06-30','',10,2,3);
INSERT INTO django_admin_log VALUES(188,'2022-08-22 12:28:01.909090','16','2022-07-11','[{"changed": {"fields": ["Dryendtag", "Wetendtag", "Lengthremoved", "Wireid"]}}]',10,2,2);
INSERT INTO django_admin_log VALUES(189,'2022-08-22 13:10:18.853420','18','2022-07-30','[{"added": {}}]',10,2,1);
INSERT INTO django_admin_log VALUES(190,'2022-08-26 13:16:29.118798','3','osisson','[{"changed": {"fields": ["Status"]}}]',20,2,2);
INSERT INTO django_admin_log VALUES(191,'2022-08-26 13:16:45.175934','2','drogers','[{"changed": {"fields": ["Status"]}}]',20,2,2);
INSERT INTO django_admin_log VALUES(192,'2022-08-26 13:16:51.515566','1','vriechl','[{"changed": {"fields": ["Status"]}}]',20,2,2);
INSERT INTO django_admin_log VALUES(193,'2022-08-26 13:17:05.676323','5','bclarke','[]',20,2,2);
INSERT INTO django_admin_log VALUES(194,'2022-08-31 10:05:16.850488','5','Mocness','[{"changed": {"fields": ["Status"]}}]',11,2,2);
INSERT INTO django_admin_log VALUES(195,'2022-08-31 10:05:21.630687','4','McLane pump','[{"changed": {"fields": ["Status"]}}]',11,2,2);
INSERT INTO django_admin_log VALUES(196,'2022-08-31 10:05:26.103701','3','CTD 24pl 10l','[{"changed": {"fields": ["Status"]}}]',11,2,2);
INSERT INTO django_admin_log VALUES(197,'2022-08-31 10:05:31.157188','2','CTD 12pl 10l','[{"changed": {"fields": ["Status"]}}]',11,2,2);
INSERT INTO django_admin_log VALUES(198,'2022-08-31 10:05:35.439983','1','CTD 24pl 30l','[{"changed": {"fields": ["Status"]}}]',11,2,2);
INSERT INTO django_admin_log VALUES(199,'2022-09-01 10:11:42.574039','1','NSF-09-T41','[{"changed": {"fields": ["Winchid"]}}]',21,2,2);
INSERT INTO django_admin_log VALUES(200,'2022-09-01 10:12:52.688882','2','NSF-19-C187','[{"changed": {"fields": ["Winchid"]}}]',21,2,2);
INSERT INTO django_admin_log VALUES(201,'2022-09-01 10:13:01.668312','3','NSF-17-C178','[{"changed": {"fields": ["Winchid"]}}]',21,2,2);
INSERT INTO django_admin_log VALUES(202,'2022-09-20 20:10:48.094331','1','winch1-012','[{"added": {}}]',28,1,1);
INSERT INTO django_admin_log VALUES(203,'2022-09-20 20:11:12.372619','2','winch2-013','[{"added": {}}]',28,1,1);
INSERT INTO django_admin_log VALUES(204,'2022-09-20 21:41:15.340543','1','Safeworkinglimit object (1)','[{"added": {}}]',17,1,1);
INSERT INTO django_admin_log VALUES(205,'2022-09-20 22:01:51.000883','1','5.0','[{"added": {}}]',29,1,1);
INSERT INTO django_admin_log VALUES(206,'2022-09-20 22:04:40.420156','2','2.0','[{"added": {}}]',29,1,1);
INSERT INTO django_admin_log VALUES(207,'2022-09-20 22:23:42.106388','4','egruebel','[{"added": {}}]',4,1,1);
INSERT INTO django_admin_log VALUES(208,'2022-09-20 22:24:07.061619','4','egruebel','[{"changed": {"fields": ["First name", "Last name", "Email address"]}}]',4,1,2);
INSERT INTO django_admin_log VALUES(209,'2022-09-20 22:24:26.072498','4','egruebel','[{"changed": {"fields": ["Staff status"]}}]',4,1,2);
INSERT INTO django_admin_log VALUES(210,'2022-09-21 13:59:53.601767','1','2022-09-21 17:59:44','[{"added": {}}]',31,2,1);
INSERT INTO django_admin_log VALUES(211,'2022-09-21 15:06:33.942753','1','None-010','[{"added": {}}]',30,2,1);
INSERT INTO django_admin_log VALUES(212,'2022-09-21 15:08:05.256015','2','None-007','[{"added": {}}]',30,2,1);
INSERT INTO django_admin_log VALUES(213,'2022-09-21 15:30:32.988018','2','None-013','[{"changed": {"fields": ["Drumid", "Winchid"]}}]',30,2,2);
INSERT INTO django_admin_log VALUES(214,'2022-09-21 15:30:47.459039','1','None-004','[{"changed": {"fields": ["Drumid"]}}]',30,2,2);
INSERT INTO django_admin_log VALUES(215,'2022-09-21 15:30:48.329902','1','None-004','[]',30,2,2);
INSERT INTO django_admin_log VALUES(216,'2022-09-21 15:31:03.159312','3','None-012','[{"added": {}}]',30,2,1);
INSERT INTO django_admin_log VALUES(217,'2022-09-21 15:34:50.151648','3','5.0','[{"added": {}}]',29,2,1);
INSERT INTO django_admin_log VALUES(218,'2022-09-21 15:34:57.183016','1','2.0','[{"changed": {"fields": ["Factorofsafety"]}}]',29,2,2);
INSERT INTO django_admin_log VALUES(219,'2022-12-07 14:57:14.640177','1','2.0','',29,2,3);
INSERT INTO django_admin_log VALUES(220,'2022-12-07 14:59:51.447984','3','NSF-17-C178','[{"changed": {"fields": ["Factor of safety"]}}]',21,2,2);
INSERT INTO django_admin_log VALUES(221,'2022-12-07 15:00:02.259120','4','2.5','[{"added": {}}]',29,2,1);
INSERT INTO django_admin_log VALUES(222,'2022-12-07 15:00:13.195886','2','NSF-19-C187','[{"changed": {"fields": ["Factor of safety"]}}]',21,2,2);
INSERT INTO django_admin_log VALUES(223,'2022-12-07 15:00:19.772859','1','NSF-09-T41','[{"changed": {"fields": ["Factor of safety"]}}]',21,2,2);
INSERT INTO django_admin_log VALUES(224,'2022-12-08 18:31:52.735645','2','2022-12-08 18:31:47','[{"added": {}}]',31,2,1);
INSERT INTO django_admin_log VALUES(225,'2022-12-08 18:32:00.222972','3','2022-12-08 18:31:57','[{"added": {}}]',31,2,1);
INSERT INTO django_admin_log VALUES(226,'2022-12-08 18:32:06.683210','4','2022-12-08 18:32:03','[{"added": {}}]',31,2,1);
INSERT INTO django_admin_log VALUES(227,'2022-12-08 18:32:12.902406','5','2022-12-08 18:32:10','[{"added": {}}]',31,2,1);
INSERT INTO django_admin_log VALUES(228,'2022-12-08 20:13:54.904903','12','014','[{"added": {}}]',22,2,1);
INSERT INTO django_admin_log VALUES(229,'2022-12-08 20:14:15.805309','12','014','',22,2,3);
INSERT INTO django_admin_log VALUES(230,'2022-12-22 00:04:15.042854','25','2022-08-03','',10,2,3);
INSERT INTO django_admin_log VALUES(231,'2022-12-22 00:04:15.081036','24','2022-08-03','',10,2,3);
INSERT INTO django_admin_log VALUES(232,'2022-12-22 00:04:15.089154','23','2022-08-03','',10,2,3);
INSERT INTO django_admin_log VALUES(233,'2022-12-22 00:04:15.099436','22','2022-08-03','',10,2,3);
INSERT INTO django_admin_log VALUES(234,'2022-12-22 00:04:15.108611','21','2022-08-03','',10,2,3);
INSERT INTO django_admin_log VALUES(235,'2022-12-22 00:04:15.118486','20','2022-08-03','',10,2,3);
INSERT INTO django_admin_log VALUES(236,'2022-12-22 00:04:15.127331','19','2022-08-03','',10,2,3);
INSERT INTO django_admin_log VALUES(237,'2022-12-22 00:33:31.211290','27','2022-12-22','[{"added": {}}]',10,2,1);
INSERT INTO django_admin_log VALUES(238,'2022-12-22 00:35:03.173256','29','2022-12-22','',10,2,3);
INSERT INTO django_admin_log VALUES(239,'2022-12-22 00:35:03.195174','27','2022-12-22','',10,2,3);
INSERT INTO django_admin_log VALUES(240,'2022-12-22 00:37:10.029499','13','013','',22,2,3);
INSERT INTO django_admin_log VALUES(241,'2022-12-22 00:39:04.709702','15','013','',22,2,3);
INSERT INTO django_admin_log VALUES(242,'2022-12-22 00:39:04.718106','14','013','',22,2,3);
INSERT INTO django_admin_log VALUES(243,'2022-12-22 17:49:56.164559','187','2022-05-03 17:44:11','',9,2,3);
INSERT INTO django_admin_log VALUES(244,'2022-12-22 17:49:56.197691','186','2022-12-22 17:43:35','',9,2,3);
INSERT INTO django_admin_log VALUES(245,'2022-12-22 17:49:56.213612','185','2022-12-22 17:42:27','',9,2,3);
INSERT INTO django_admin_log VALUES(246,'2022-12-22 17:49:56.221953','184','2022-06-01 17:33:55','',9,2,3);
INSERT INTO django_admin_log VALUES(247,'2022-12-22 17:49:56.234302','183','2022-10-03 17:33:17','',9,2,3);
INSERT INTO django_admin_log VALUES(248,'2022-12-22 17:49:56.243471','182','2022-10-03 17:31:42','',9,2,3);
INSERT INTO django_admin_log VALUES(249,'2022-12-22 17:49:56.254871','181','2022-09-07 17:28:10','',9,2,3);
INSERT INTO django_admin_log VALUES(250,'2022-12-22 17:49:56.263095','180','2022-12-22 17:25:48','',9,2,3);
INSERT INTO django_admin_log VALUES(251,'2022-12-22 17:49:56.271239','179','2022-09-06 17:24:43','',9,2,3);
INSERT INTO django_admin_log VALUES(252,'2022-12-22 17:49:56.287492','178','2022-12-22 17:24:43','',9,2,3);
INSERT INTO django_admin_log VALUES(253,'2022-12-22 17:49:56.295984','177','2022-12-22 17:23:22','',9,2,3);
INSERT INTO django_admin_log VALUES(254,'2022-12-22 17:49:56.304460','176','2022-12-22 17:21:02','',9,2,3);
INSERT INTO django_admin_log VALUES(255,'2022-12-22 17:49:56.317763','175','2022-09-01 17:04:44','',9,2,3);
INSERT INTO django_admin_log VALUES(256,'2022-12-22 17:49:56.326893','174','2022-11-27 17:04:02','',9,2,3);
INSERT INTO django_admin_log VALUES(257,'2022-12-22 17:49:56.337634','173','2022-12-22 17:01:41','',9,2,3);
INSERT INTO django_admin_log VALUES(258,'2022-12-22 17:49:56.345146','172','2022-12-22 16:59:34','',9,2,3);
INSERT INTO django_admin_log VALUES(259,'2022-12-22 17:49:56.353184','171','2022-12-22 16:57:36','',9,2,3);
INSERT INTO django_admin_log VALUES(260,'2022-12-22 17:49:56.361390','170','2022-12-22 16:55:51','',9,2,3);
INSERT INTO django_admin_log VALUES(261,'2022-12-22 17:49:56.369415','169','2022-12-22 16:35:06','',9,2,3);
INSERT INTO django_admin_log VALUES(262,'2022-12-22 17:49:56.388879','168','2022-12-22 16:28:52','',9,2,3);
INSERT INTO django_admin_log VALUES(263,'2022-12-22 17:49:56.399885','167','2022-12-22 16:24:44','',9,2,3);
INSERT INTO django_admin_log VALUES(264,'2022-12-22 17:49:56.406494','166','2022-12-22 16:23:40','',9,2,3);
INSERT INTO django_admin_log VALUES(265,'2022-12-22 17:49:56.418514','165','2022-12-22 16:20:22','',9,2,3);
INSERT INTO django_admin_log VALUES(266,'2022-12-22 17:49:56.427031','164','2022-12-22 15:49:35','',9,2,3);
INSERT INTO django_admin_log VALUES(267,'2022-12-22 17:49:56.435089','163','2022-12-21 23:44:04','',9,2,3);
INSERT INTO django_admin_log VALUES(268,'2022-12-22 17:49:56.443245','162','2022-12-09 12:56:36','',9,2,3);
INSERT INTO django_admin_log VALUES(269,'2022-12-22 17:49:56.451612','161','2022-12-08 00:36:51','',9,2,3);
INSERT INTO django_admin_log VALUES(270,'2022-12-22 17:49:56.464642','160','2022-12-07 18:21:25','',9,2,3);
INSERT INTO django_admin_log VALUES(271,'2022-12-22 17:49:56.468153','159','2022-12-07 17:37:47','',9,2,3);
INSERT INTO django_admin_log VALUES(272,'2022-12-22 17:49:56.484844','158','2022-12-07 15:45:18','',9,2,3);
INSERT INTO django_admin_log VALUES(273,'2022-12-22 17:49:56.493126','157','2022-12-07 15:45:18','',9,2,3);
INSERT INTO django_admin_log VALUES(274,'2022-12-22 17:49:56.504071','156','2022-12-07 17:12:17','',9,2,3);
INSERT INTO django_admin_log VALUES(275,'2022-12-22 17:49:56.509585','155','2022-12-07 15:45:18','',9,2,3);
INSERT INTO django_admin_log VALUES(276,'2022-12-22 17:49:56.518578','154','2022-08-16 11:21:00','',9,2,3);
INSERT INTO django_admin_log VALUES(277,'2022-12-22 17:49:56.527113','153','2022-08-16 11:21:00','',9,2,3);
INSERT INTO django_admin_log VALUES(278,'2022-12-22 17:49:56.535007','152','2022-08-16 11:21:00','',9,2,3);
INSERT INTO django_admin_log VALUES(279,'2022-12-22 17:49:56.542520','151','2022-08-16 11:21:00','',9,2,3);
INSERT INTO django_admin_log VALUES(280,'2022-12-22 17:49:56.550571','150','2022-08-16 11:21:00','',9,2,3);
INSERT INTO django_admin_log VALUES(281,'2022-12-22 17:49:56.558962','149','2022-08-16 11:21:00','',9,2,3);
INSERT INTO django_admin_log VALUES(282,'2022-12-22 17:49:56.569236','148','2022-08-16 11:21:00','',9,2,3);
INSERT INTO django_admin_log VALUES(283,'2022-12-22 17:49:56.579881','147','None','',9,2,3);
INSERT INTO django_admin_log VALUES(284,'2022-12-22 17:49:56.586596','146','2022-08-16 11:21:00','',9,2,3);
INSERT INTO django_admin_log VALUES(285,'2022-12-22 17:49:56.599855','145','2022-08-16 11:21:00','',9,2,3);
INSERT INTO django_admin_log VALUES(286,'2022-12-22 17:49:56.607931','144','2022-08-16 11:21:00','',9,2,3);
INSERT INTO django_admin_log VALUES(287,'2022-12-22 17:49:56.616261','143','2022-08-16 11:21:00','',9,2,3);
INSERT INTO django_admin_log VALUES(288,'2022-12-22 17:49:56.624574','142','2022-08-16 11:21:00','',9,2,3);
INSERT INTO django_admin_log VALUES(289,'2022-12-22 17:49:56.632711','141','None','',9,2,3);
INSERT INTO django_admin_log VALUES(290,'2022-12-22 17:49:56.640921','140','None','',9,2,3);
INSERT INTO django_admin_log VALUES(291,'2022-12-22 17:49:56.640921','139','2022-08-16 11:21:00','',9,2,3);
INSERT INTO django_admin_log VALUES(292,'2022-12-22 17:49:56.657500','138','None','',9,2,3);
INSERT INTO django_admin_log VALUES(293,'2022-12-22 17:49:56.665947','137','None','',9,2,3);
INSERT INTO django_admin_log VALUES(294,'2022-12-22 17:49:56.674235','136','2022-08-16 11:21:00','',9,2,3);
INSERT INTO django_admin_log VALUES(295,'2022-12-22 17:49:56.683295','135','None','',9,2,3);
INSERT INTO django_admin_log VALUES(296,'2022-12-22 17:49:56.690804','134','None','',9,2,3);
INSERT INTO django_admin_log VALUES(297,'2022-12-22 17:49:56.701126','133','None','',9,2,3);
INSERT INTO django_admin_log VALUES(298,'2022-12-22 17:49:56.707636','132','None','',9,2,3);
INSERT INTO django_admin_log VALUES(299,'2022-12-22 17:49:56.718916','131','None','',9,2,3);
INSERT INTO django_admin_log VALUES(300,'2022-12-22 17:49:56.727235','130','None','',9,2,3);
INSERT INTO django_admin_log VALUES(301,'2022-12-22 17:49:56.731747','129','None','',9,2,3);
INSERT INTO django_admin_log VALUES(302,'2022-12-22 17:49:56.740050','128','None','',9,2,3);
INSERT INTO django_admin_log VALUES(303,'2022-12-22 17:49:56.749965','127','2022-08-16 11:21:00','',9,2,3);
INSERT INTO django_admin_log VALUES(304,'2022-12-22 17:49:56.764528','126','None','',9,2,3);
INSERT INTO django_admin_log VALUES(305,'2022-12-22 17:49:56.772603','125','None','',9,2,3);
INSERT INTO django_admin_log VALUES(306,'2022-12-22 17:49:56.780613','124','None','',9,2,3);
INSERT INTO django_admin_log VALUES(307,'2022-12-22 17:49:56.790471','123','None','',9,2,3);
INSERT INTO django_admin_log VALUES(308,'2022-12-22 17:49:56.796925','122','None','',9,2,3);
INSERT INTO django_admin_log VALUES(309,'2022-12-22 17:49:56.805176','121','2022-08-16 11:21:00','',9,2,3);
INSERT INTO django_admin_log VALUES(310,'2022-12-22 17:49:56.813513','120','None','',9,2,3);
INSERT INTO django_admin_log VALUES(311,'2022-12-22 17:49:56.821696','119','2022-08-16 11:21:00','',9,2,3);
INSERT INTO django_admin_log VALUES(312,'2022-12-22 17:49:56.829983','118','None','',9,2,3);
INSERT INTO django_admin_log VALUES(313,'2022-12-22 17:49:56.840336','117','2022-08-16 11:21:00','',9,2,3);
INSERT INTO django_admin_log VALUES(314,'2022-12-22 17:49:56.846351','116','None','',9,2,3);
INSERT INTO django_admin_log VALUES(315,'2022-12-22 17:49:56.854378','115','2022-08-16 11:21:00','',9,2,3);
INSERT INTO django_admin_log VALUES(316,'2022-12-22 17:49:56.870778','114','None','',9,2,3);
INSERT INTO django_admin_log VALUES(317,'2022-12-22 17:49:56.878790','113','2022-08-16 11:21:00','',9,2,3);
INSERT INTO django_admin_log VALUES(318,'2022-12-22 17:49:56.887029','112','None','',9,2,3);
INSERT INTO django_admin_log VALUES(319,'2022-12-22 17:49:56.895439','111','2022-08-16 11:21:00','',9,2,3);
INSERT INTO django_admin_log VALUES(320,'2022-12-22 17:49:56.903549','110','None','',9,2,3);
INSERT INTO django_admin_log VALUES(321,'2022-12-22 17:49:56.911825','109','2022-08-16 11:21:00','',9,2,3);
INSERT INTO django_admin_log VALUES(322,'2022-12-22 17:49:56.920143','108','None','',9,2,3);
INSERT INTO django_admin_log VALUES(323,'2022-12-22 17:49:56.929787','107','2022-08-16 11:21:00','',9,2,3);
INSERT INTO django_admin_log VALUES(324,'2022-12-22 17:49:56.935810','106','None','',9,2,3);
INSERT INTO django_admin_log VALUES(325,'2022-12-22 17:49:56.952405','105','2022-08-16 11:21:00','',9,2,3);
INSERT INTO django_admin_log VALUES(326,'2022-12-22 17:49:56.960766','104','None','',9,2,3);
INSERT INTO django_admin_log VALUES(327,'2022-12-22 17:49:56.968985','103','2022-08-16 11:21:00','',9,2,3);
INSERT INTO django_admin_log VALUES(328,'2022-12-22 17:49:56.977058','102','None','',9,2,3);
INSERT INTO django_admin_log VALUES(329,'2022-12-22 17:49:56.993075','101','2022-08-16 11:21:00','',9,2,3);
INSERT INTO django_admin_log VALUES(330,'2022-12-22 17:49:57.000986','100','None','',9,2,3);
INSERT INTO django_admin_log VALUES(331,'2022-12-22 17:49:57.009935','99','2022-08-16 11:21:00','',9,2,3);
INSERT INTO django_admin_log VALUES(332,'2022-12-22 17:49:57.019721','98','None','',9,2,3);
INSERT INTO django_admin_log VALUES(333,'2022-12-22 17:49:57.032832','97','2022-08-16 11:21:00','',9,2,3);
INSERT INTO django_admin_log VALUES(334,'2022-12-22 17:49:57.041861','96','2022-08-16 11:21:00','',9,2,3);
INSERT INTO django_admin_log VALUES(335,'2022-12-22 17:49:57.041861','95','2022-08-16 11:21:00','',9,2,3);
INSERT INTO django_admin_log VALUES(336,'2022-12-22 17:49:57.058482','94','2022-08-16 11:21:00','',9,2,3);
INSERT INTO django_admin_log VALUES(337,'2022-12-22 17:49:57.069029','93','2022-08-16 11:21:00','',9,2,3);
INSERT INTO django_admin_log VALUES(338,'2022-12-22 17:49:57.074830','92','2022-08-16 11:21:00','',9,2,3);
INSERT INTO django_admin_log VALUES(339,'2022-12-22 17:49:57.083053','91','2022-08-16 11:21:00','',9,2,3);
INSERT INTO django_admin_log VALUES(340,'2022-12-22 17:49:57.099911','90','2022-08-16 11:21:00','',9,2,3);
INSERT INTO django_admin_log VALUES(341,'2022-12-22 17:49:57.108243','89','2022-08-16 11:21:00','',9,2,3);
INSERT INTO django_admin_log VALUES(342,'2022-12-22 17:49:57.117200','88','2022-08-16 11:21:00','',9,2,3);
INSERT INTO django_admin_log VALUES(343,'2022-12-22 19:03:18.901558','190','2022-12-22 18:55:46','[{"changed": {"fields": ["Flag for review"]}}]',9,2,2);
INSERT INTO django_admin_log VALUES(344,'2022-12-22 19:28:26.301765','190','2022-12-22 18:55:46','',9,2,3);
INSERT INTO django_admin_log VALUES(345,'2022-12-22 19:28:26.310317','189','2022-12-22 18:44:48','',9,2,3);
INSERT INTO django_admin_log VALUES(346,'2022-12-22 19:28:26.319541','188','2022-12-22 18:39:24','',9,2,3);
INSERT INTO django_admin_log VALUES(347,'2022-12-22 19:28:26.326092','87','2022-08-16 11:21:00','',9,2,3);
INSERT INTO django_admin_log VALUES(348,'2022-12-22 19:28:26.334083','86','2022-08-16 11:21:00','',9,2,3);
INSERT INTO django_admin_log VALUES(349,'2022-12-22 19:28:26.343140','85','2022-08-16 11:21:00','',9,2,3);
INSERT INTO django_admin_log VALUES(350,'2022-12-22 19:28:26.353641','84','2022-08-16 11:21:00','',9,2,3);
INSERT INTO django_admin_log VALUES(351,'2022-12-22 19:28:26.361401','83','2022-08-16 11:21:00','',9,2,3);
INSERT INTO django_admin_log VALUES(352,'2022-12-22 19:28:26.370063','82','2022-08-16 11:21:00','',9,2,3);
INSERT INTO django_admin_log VALUES(353,'2022-12-22 19:28:26.377893','81','2022-08-16 11:21:00','',9,2,3);
INSERT INTO django_admin_log VALUES(354,'2022-12-22 19:28:26.386022','80','2022-08-16 11:21:00','',9,2,3);
INSERT INTO django_admin_log VALUES(355,'2022-12-22 19:28:26.394512','79','2022-08-16 11:21:00','',9,2,3);
INSERT INTO django_admin_log VALUES(356,'2022-12-22 19:28:26.404024','78','2022-08-16 11:21:00','',9,2,3);
INSERT INTO django_admin_log VALUES(357,'2022-12-22 19:28:26.413226','77','2022-08-16 11:21:00','',9,2,3);
INSERT INTO django_admin_log VALUES(358,'2022-12-22 19:28:26.421769','76','2022-08-16 11:21:00','',9,2,3);
INSERT INTO django_admin_log VALUES(359,'2022-12-22 19:28:26.431033','75','2022-08-16 11:21:00','',9,2,3);
INSERT INTO django_admin_log VALUES(360,'2022-12-22 19:28:26.440122','74','2022-08-16 11:21:00','',9,2,3);
INSERT INTO django_admin_log VALUES(361,'2022-12-22 19:28:26.451232','73','2022-08-16 11:21:00','',9,2,3);
INSERT INTO django_admin_log VALUES(362,'2022-12-22 19:28:26.460908','72','2022-08-16 11:21:00','',9,2,3);
INSERT INTO django_admin_log VALUES(363,'2022-12-22 19:28:26.473499','71','2022-08-16 11:21:00','',9,2,3);
INSERT INTO django_admin_log VALUES(364,'2022-12-22 19:28:26.484599','70','2022-08-16 11:21:00','',9,2,3);
INSERT INTO django_admin_log VALUES(365,'2022-12-22 19:28:26.492800','69','2022-08-16 11:21:00','',9,2,3);
INSERT INTO django_admin_log VALUES(366,'2022-12-22 19:28:26.502413','68','2022-08-16 11:21:00','',9,2,3);
INSERT INTO django_admin_log VALUES(367,'2022-12-22 19:28:26.509435','67','2022-08-16 11:21:00','',9,2,3);
INSERT INTO django_admin_log VALUES(368,'2022-12-22 19:28:26.517791','66','2022-09-20 08:29:00','',9,2,3);
INSERT INTO django_admin_log VALUES(369,'2022-12-22 19:28:26.525628','65','2022-08-16 11:21:00','',9,2,3);
INSERT INTO django_admin_log VALUES(370,'2022-12-22 19:28:26.531600','64','2022-08-16 11:21:00','',9,2,3);
INSERT INTO django_admin_log VALUES(371,'2022-12-22 19:28:26.541312','63','2022-08-16 11:21:00','',9,2,3);
INSERT INTO django_admin_log VALUES(372,'2022-12-22 19:28:26.548372','62','2022-08-16 11:21:00','',9,2,3);
INSERT INTO django_admin_log VALUES(373,'2022-12-22 19:28:26.554470','61','2022-08-16 11:21:00','',9,2,3);
INSERT INTO django_admin_log VALUES(374,'2022-12-22 19:28:26.562008','60','2022-08-16 11:21:00','',9,2,3);
INSERT INTO django_admin_log VALUES(375,'2022-12-22 19:28:26.568056','59','2022-08-16 11:21:00','',9,2,3);
INSERT INTO django_admin_log VALUES(376,'2022-12-22 19:28:26.574509','58','2022-08-16 11:21:00','',9,2,3);
INSERT INTO django_admin_log VALUES(377,'2022-12-22 19:28:26.579023','57','2022-08-16 11:21:00','',9,2,3);
INSERT INTO django_admin_log VALUES(378,'2022-12-22 19:28:26.584477','56','2022-08-16 11:21:00','',9,2,3);
INSERT INTO django_admin_log VALUES(379,'2022-12-22 19:28:26.587891','55','2022-08-16 11:21:00','',9,2,3);
INSERT INTO django_admin_log VALUES(380,'2022-12-22 19:28:26.592091','54','2022-08-16 11:21:00','',9,2,3);
INSERT INTO django_admin_log VALUES(381,'2022-12-22 19:28:26.596361','53','2022-08-16 11:21:00','',9,2,3);
INSERT INTO django_admin_log VALUES(382,'2022-12-22 19:28:26.600689','52','2022-08-16 11:21:00','',9,2,3);
INSERT INTO django_admin_log VALUES(383,'2022-12-22 19:28:26.605526','51','2022-09-05 10:07:00','',9,2,3);
INSERT INTO django_admin_log VALUES(384,'2022-12-22 19:28:26.609526','50','2022-09-05 10:04:00','',9,2,3);
INSERT INTO django_admin_log VALUES(385,'2022-12-22 19:28:26.615420','49','2022-08-31 21:00:00','',9,2,3);
INSERT INTO django_admin_log VALUES(386,'2022-12-22 19:28:26.619697','48','2022-08-31 12:07:00','',9,2,3);
INSERT INTO django_admin_log VALUES(387,'2022-12-22 19:28:26.625683','47','2022-08-31 11:55:00','',9,2,3);
INSERT INTO django_admin_log VALUES(388,'2022-12-22 19:28:26.629072','46','2022-08-17 13:03:00','',9,2,3);
INSERT INTO django_admin_log VALUES(389,'2022-12-22 19:28:26.633579','45','2022-08-17 11:32:00','',9,2,3);
INSERT INTO django_admin_log VALUES(390,'2022-12-22 19:28:26.637195','44','2022-08-17 11:29:00','',9,2,3);
INSERT INTO django_admin_log VALUES(391,'2022-12-22 19:28:26.641540','43','2022-08-17 09:57:00','',9,2,3);
INSERT INTO django_admin_log VALUES(392,'2022-12-22 19:28:26.644833','42','2022-08-16 11:28:00','',9,2,3);
INSERT INTO django_admin_log VALUES(393,'2022-12-22 19:28:26.649822','41','2022-08-16 11:21:00','',9,2,3);
INSERT INTO django_admin_log VALUES(394,'2022-12-22 19:28:26.654341','40','2022-08-16 11:21:00','',9,2,3);
INSERT INTO django_admin_log VALUES(395,'2022-12-22 19:28:26.658029','39','2022-08-23 09:23:00','',9,2,3);
INSERT INTO django_admin_log VALUES(396,'2022-12-22 19:28:26.661325','38','2022-06-07 00:00:00','',9,2,3);
INSERT INTO django_admin_log VALUES(397,'2022-12-23 20:06:35.865917','16','014','[{"added": {}}]',22,2,1);
INSERT INTO django_admin_log VALUES(398,'2022-12-23 20:06:44.459869','17','014','[{"added": {}}]',22,2,1);
INSERT INTO django_admin_log VALUES(399,'2022-12-23 20:07:36.591662','18','014','[{"added": {}}]',22,2,1);
INSERT INTO django_admin_log VALUES(400,'2022-12-23 20:08:06.876832','19','014','[{"added": {}}]',22,2,1);
INSERT INTO django_admin_log VALUES(401,'2022-12-23 20:08:52.177576','19','014','',22,2,3);
INSERT INTO django_admin_log VALUES(402,'2022-12-23 20:08:52.213209','18','014','',22,2,3);
INSERT INTO django_admin_log VALUES(403,'2022-12-23 20:08:52.227036','17','014','',22,2,3);
INSERT INTO django_admin_log VALUES(404,'2022-12-23 20:08:52.235473','16','014','',22,2,3);
INSERT INTO django_admin_log VALUES(405,'2022-12-23 20:09:13.861484','20','014','[{"added": {}}]',22,2,1);
INSERT INTO django_admin_log VALUES(406,'2022-12-23 20:09:33.412802','21','014','[{"added": {}}]',22,2,1);
INSERT INTO django_admin_log VALUES(407,'2022-12-23 20:16:15.053221','21','014','',22,2,3);
INSERT INTO django_admin_log VALUES(408,'2022-12-23 20:16:15.079986','20','014','',22,2,3);
INSERT INTO django_admin_log VALUES(409,'2022-12-23 20:16:35.554718','22','014','[{"added": {}}]',22,2,1);
INSERT INTO django_admin_log VALUES(410,'2022-12-23 20:17:00.103586','23','014','[{"added": {}}]',22,2,1);
INSERT INTO django_admin_log VALUES(411,'2022-12-23 20:17:39.081892','23','014','',22,2,3);
INSERT INTO django_admin_log VALUES(412,'2022-12-23 20:17:39.115619','22','014','',22,2,3);
INSERT INTO django_admin_log VALUES(413,'2022-12-23 20:18:01.811187','24','014','[{"added": {}}]',22,2,1);
INSERT INTO django_admin_log VALUES(414,'2022-12-23 20:18:24.179652','25','014','[{"added": {}}]',22,2,1);
INSERT INTO django_admin_log VALUES(415,'2022-12-23 20:18:41.286205','26','014','[{"added": {}}]',22,2,1);
INSERT INTO django_admin_log VALUES(416,'2022-12-23 20:19:08.655120','27','014','[{"added": {}}]',22,2,1);
INSERT INTO django_admin_log VALUES(417,'2022-12-23 20:19:23.252622','27','014','',22,2,3);
INSERT INTO django_admin_log VALUES(418,'2022-12-23 20:19:23.279626','26','014','',22,2,3);
INSERT INTO django_admin_log VALUES(419,'2022-12-23 20:19:23.293543','25','014','',22,2,3);
INSERT INTO django_admin_log VALUES(420,'2022-12-23 20:19:23.302020','24','014','',22,2,3);
INSERT INTO django_admin_log VALUES(421,'2022-12-23 20:19:46.890321','28','014','[{"added": {}}]',22,2,1);
INSERT INTO django_admin_log VALUES(422,'2022-12-23 20:20:12.757870','28','014','',22,2,3);
INSERT INTO django_admin_log VALUES(423,'2022-12-23 20:23:18.375577','29','014','',22,2,3);
INSERT INTO django_admin_log VALUES(424,'2022-12-27 15:17:00.068558','28','None','',10,2,3);
INSERT INTO django_admin_log VALUES(425,'2022-12-27 15:17:00.094418','26','None','',10,2,3);
INSERT INTO django_admin_log VALUES(426,'2022-12-28 14:20:33.334942','30','2022-12-27','',10,2,3);
INSERT INTO django_admin_log VALUES(427,'2022-12-30 19:50:05.509458','4','MLB-004','[{"added": {}}]',30,2,1);
INSERT INTO django_admin_log VALUES(428,'2022-12-30 19:50:29.985275','5','MLB-005','[{"added": {}}]',30,2,1);
INSERT INTO django_admin_log VALUES(429,'2022-12-30 19:55:24.189041','4','MLB-001','[{"changed": {"fields": ["Drum"]}}]',30,2,2);
INSERT INTO django_admin_log VALUES(430,'2022-12-30 19:55:51.981465','6','Unkown-002','[{"added": {}}]',30,2,1);
INSERT INTO django_admin_log VALUES(431,'2022-12-30 19:56:10.861847','7','Unkown-003','[{"added": {}}]',30,2,1);
INSERT INTO django_admin_log VALUES(432,'2022-12-30 19:56:23.160120','8','Unkown-006','[{"added": {}}]',30,2,1);
INSERT INTO django_admin_log VALUES(433,'2022-12-30 19:56:33.892876','9','Unkown-007','[{"added": {}}]',30,2,1);
INSERT INTO django_admin_log VALUES(434,'2022-12-30 19:56:44.555681','10','Unkown-008','[{"added": {}}]',30,2,1);
INSERT INTO django_admin_log VALUES(435,'2022-12-30 19:56:54.928474','11','Unkown-009','[{"added": {}}]',30,2,1);
INSERT INTO django_admin_log VALUES(436,'2022-12-30 19:57:08.376171','12','Unkown-010','[{"added": {}}]',30,2,1);
INSERT INTO django_admin_log VALUES(437,'2022-12-30 19:57:20.625280','13','Unkown-011','[{"added": {}}]',30,2,1);
INSERT INTO django_admin_log VALUES(438,'2022-12-30 19:57:33.260298','14','Unkown-014','[{"added": {}}]',30,2,1);
INSERT INTO django_admin_log VALUES(439,'2022-12-30 19:57:45.252686','15','Unkown-015','[{"added": {}}]',30,2,1);
INSERT INTO django_admin_log VALUES(440,'2022-12-30 20:03:27.908981','2','Winch 2-013','[{"changed": {"fields": ["Location"]}}]',30,2,2);
INSERT INTO django_admin_log VALUES(441,'2022-12-30 20:03:36.552444','3','Winch 1-012','[{"changed": {"fields": ["Location"]}}]',30,2,2);
INSERT INTO django_admin_log VALUES(442,'2022-12-30 20:03:44.030399','1','Winch 3-004','[{"changed": {"fields": ["Location"]}}]',30,2,2);
INSERT INTO django_admin_log VALUES(443,'2022-12-31 21:36:42.116279','6','2022-12-31 21:36:08','[{"added": {}}]',31,2,1);
INSERT INTO django_admin_log VALUES(444,'2022-12-31 22:04:23.439119','5','2022-12-31 22:04:20','[{"changed": {"fields": ["Date"]}}]',31,2,2);
INSERT INTO django_admin_log VALUES(445,'2022-12-31 22:04:28.924051','4','2022-12-31 22:04:27','[{"changed": {"fields": ["Date"]}}]',31,2,2);
INSERT INTO django_admin_log VALUES(446,'2022-12-31 22:04:34.343548','3','2022-12-31 22:04:32','[{"changed": {"fields": ["Date"]}}]',31,2,2);
INSERT INTO django_admin_log VALUES(447,'2022-12-31 22:04:39.970132','2','2022-12-31 22:04:38','[{"changed": {"fields": ["Date"]}}]',31,2,2);
INSERT INTO django_admin_log VALUES(448,'2022-12-31 22:04:45.747434','1','2022-12-31 22:04:43','[{"changed": {"fields": ["Date"]}}]',31,2,2);
INSERT INTO django_admin_log VALUES(449,'2022-12-31 22:12:53.929363','7','2022-12-31 22:12:51','[{"added": {}}]',31,2,1);
INSERT INTO django_admin_log VALUES(450,'2022-12-31 22:13:09.135157','8','2022-12-31 22:13:03','[{"added": {}}]',31,2,1);
INSERT INTO django_admin_log VALUES(451,'2022-12-31 22:13:25.892840','9','2022-12-31 22:13:19','[{"added": {}}]',31,2,1);
INSERT INTO django_admin_log VALUES(452,'2022-12-31 22:13:38.320915','10','2022-12-31 22:13:32','[{"added": {}}]',31,2,1);
INSERT INTO django_admin_log VALUES(453,'2022-12-31 22:13:52.469450','11','2022-12-31 22:13:45','[{"added": {}}]',31,2,1);
INSERT INTO django_admin_log VALUES(454,'2022-12-31 22:14:04.554799','12','2022-12-31 22:13:58','[{"added": {}}]',31,2,1);
INSERT INTO django_admin_log VALUES(455,'2022-12-31 23:03:29.576768','7','2022-12-31 22:12:51','[{"changed": {"fields": ["Tested breaking load"]}}]',31,2,2);
INSERT INTO django_admin_log VALUES(456,'2022-12-31 23:03:35.557721','11','2022-12-31 22:13:45','[{"changed": {"fields": ["Tested breaking load"]}}]',31,2,2);
INSERT INTO django_admin_log VALUES(457,'2022-12-31 23:03:40.374437','12','2022-12-31 22:13:58','[{"changed": {"fields": ["Tested breaking load"]}}]',31,2,2);
INSERT INTO django_admin_log VALUES(458,'2022-12-31 23:03:45.923878','10','2022-12-31 22:13:32','[{"changed": {"fields": ["Tested breaking load"]}}]',31,2,2);
INSERT INTO django_admin_log VALUES(459,'2022-12-31 23:03:49.758042','9','2022-12-31 22:13:19','[{"changed": {"fields": ["Tested breaking load"]}}]',31,2,2);
INSERT INTO django_admin_log VALUES(460,'2022-12-31 23:03:54.017274','8','2022-12-31 22:13:03','[{"changed": {"fields": ["Tested breaking load"]}}]',31,2,2);
INSERT INTO django_admin_log VALUES(461,'2022-12-31 23:10:23.584931','5','2022-12-31 22:04:20','[{"changed": {"fields": ["Notes"]}}]',31,2,2);
INSERT INTO django_admin_log VALUES(462,'2022-12-31 23:10:31.027163','4','2022-12-31 22:04:27','[{"changed": {"fields": ["Notes"]}}]',31,2,2);
INSERT INTO django_admin_log VALUES(463,'2022-12-31 23:10:37.469471','3','2022-12-31 22:04:32','[{"changed": {"fields": ["Notes"]}}]',31,2,2);
INSERT INTO django_admin_log VALUES(464,'2022-12-31 23:10:43.423459','2','2022-12-31 22:04:38','[{"changed": {"fields": ["Notes"]}}]',31,2,2);
INSERT INTO django_admin_log VALUES(465,'2022-12-31 23:10:50.480770','1','2022-12-31 22:04:43','[{"changed": {"fields": ["Notes"]}}]',31,2,2);
INSERT INTO django_admin_log VALUES(466,'2022-12-31 23:16:54.382387','15','NSF-09-T41','',21,2,3);
INSERT INTO django_admin_log VALUES(467,'2022-12-31 23:17:46.606752','10','004','[{"changed": {"fields": ["Wire"]}}]',22,2,2);
INSERT INTO django_admin_log VALUES(468,'2022-12-31 23:18:03.040909','6','2022-12-31 21:36:08','[{"changed": {"fields": ["Wire"]}}]',31,2,2);
INSERT INTO django_admin_log VALUES(469,'2022-12-31 23:18:56.385429','14','2022-03-18','[{"changed": {"fields": ["Wire"]}}]',10,2,2);
INSERT INTO django_admin_log VALUES(470,'2022-12-31 23:19:22.687540','15','NSF-09-T41','',21,2,3);
INSERT INTO django_admin_log VALUES(471,'2022-12-31 23:20:04.978795','15','NSF-09-T41','',21,2,3);
INSERT INTO django_admin_log VALUES(472,'2022-12-31 23:21:14.540987','15','DELETE','[{"changed": {"fields": ["NSF id"]}}]',21,2,2);
INSERT INTO django_admin_log VALUES(473,'2022-12-31 23:21:25.881125','6','2022-12-31 21:36:08','[{"changed": {"fields": ["Wire"]}}]',31,2,2);
INSERT INTO django_admin_log VALUES(474,'2022-12-31 23:21:49.741767','17','2022-07-21','[{"changed": {"fields": ["Wire"]}}]',10,2,2);
INSERT INTO django_admin_log VALUES(475,'2022-12-31 23:22:19.952632','10','004','[{"changed": {"fields": ["Wire"]}}]',22,2,2);
INSERT INTO django_admin_log VALUES(476,'2022-12-31 23:22:37.960750','15','DELETE','',21,2,3);
INSERT INTO django_admin_log VALUES(477,'2022-12-31 23:24:39.741836','14','2022-03-18','[{"changed": {"fields": ["Wire"]}}]',10,2,2);
INSERT INTO django_admin_log VALUES(478,'2022-12-31 23:24:55.525731','15','DELETE','',21,2,3);
INSERT INTO django_admin_log VALUES(479,'2023-01-04 16:36:17.032029','7','2022-05-02 22:12:51','[{"changed": {"fields": ["Date", "Tested breaking load", "Notes"]}}]',31,2,2);
INSERT INTO django_admin_log VALUES(480,'2023-01-04 16:37:46.753250','12','2022-12-31 22:13:58','[{"changed": {"fields": ["Tested breaking load", "Notes"]}}]',31,2,2);
INSERT INTO django_admin_log VALUES(481,'2023-01-04 16:38:39.841772','11','2017-12-05 22:13:45','[{"changed": {"fields": ["Date", "Tested breaking load", "Notes"]}}]',31,2,2);
INSERT INTO django_admin_log VALUES(482,'2023-01-04 16:39:04.568228','10','2022-12-31 22:13:32','[{"changed": {"fields": ["Tested breaking load", "Notes"]}}]',31,2,2);
INSERT INTO django_admin_log VALUES(483,'2023-01-04 16:39:44.261133','9','2014-05-23 22:13:19','[{"changed": {"fields": ["Date", "Tested breaking load", "Notes"]}}]',31,2,2);
INSERT INTO django_admin_log VALUES(484,'2023-01-04 16:40:30.034924','8','2018-02-01 22:13:03','[{"changed": {"fields": ["Date", "Tested breaking load", "Notes"]}}]',31,2,2);
INSERT INTO django_admin_log VALUES(485,'2023-01-04 16:40:48.321090','5','2022-12-31 22:04:20','[{"changed": {"fields": ["Tested breaking load", "Notes"]}}]',31,2,2);
INSERT INTO django_admin_log VALUES(486,'2023-01-04 16:41:16.672035','4','2022-08-10 22:04:27','[{"changed": {"fields": ["Date", "Tested breaking load", "Notes"]}}]',31,2,2);
INSERT INTO django_admin_log VALUES(487,'2023-01-04 16:41:59.653208','3','2010-05-17 22:04:32','[{"changed": {"fields": ["Date", "Tested breaking load", "Notes"]}}]',31,2,2);
INSERT INTO django_admin_log VALUES(488,'2023-01-04 16:42:42.600638','1','2022-08-10 22:04:43','[{"changed": {"fields": ["Date", "Tested breaking load", "Notes"]}}]',31,2,2);
INSERT INTO django_admin_log VALUES(489,'2023-01-04 16:42:59.162343','4','2022-08-10 22:04:27','',31,2,3);
INSERT INTO django_admin_log VALUES(490,'2023-01-04 16:43:43.929613','6','2022-08-10 21:36:08','[{"changed": {"fields": ["Date", "Tested breaking load", "Notes"]}}]',31,2,2);
INSERT INTO django_admin_log VALUES(491,'2023-01-04 16:44:26.180791','2','2013-10-21 22:04:38','[{"changed": {"fields": ["Date", "Tested breaking load", "Notes"]}}]',31,2,2);
INSERT INTO django_admin_log VALUES(492,'2023-01-05 11:52:29.972423','6','WPooh','',20,2,3);
INSERT INTO django_admin_log VALUES(493,'2023-01-14 03:34:38.524773','11','001','[{"changed": {"fields": ["Drum"]}}]',22,2,2);
INSERT INTO django_admin_log VALUES(494,'2023-01-14 03:34:44.784987','10','004','[{"changed": {"fields": ["Drum"]}}]',22,2,2);
INSERT INTO django_admin_log VALUES(495,'2023-01-14 03:34:50.976342','9','007','[{"changed": {"fields": ["Drum"]}}]',22,2,2);
INSERT INTO django_admin_log VALUES(496,'2023-01-14 03:34:56.601089','8','008','[{"changed": {"fields": ["Drum"]}}]',22,2,2);
INSERT INTO django_admin_log VALUES(497,'2023-01-14 03:35:02.907181','7','010','[{"changed": {"fields": ["Drum"]}}]',22,2,2);
INSERT INTO django_admin_log VALUES(498,'2023-01-14 03:35:16.087011','6','011','[{"changed": {"fields": ["Drum"]}}]',22,2,2);
INSERT INTO django_admin_log VALUES(499,'2023-01-14 03:35:25.485803','5','012','[{"changed": {"fields": ["Drum"]}}]',22,2,2);
INSERT INTO django_admin_log VALUES(500,'2023-01-14 03:35:31.352045','4','015','[{"changed": {"fields": ["Drum"]}}]',22,2,2);
INSERT INTO django_admin_log VALUES(501,'2023-01-14 03:35:37.418207','3','014','[{"changed": {"fields": ["Drum"]}}]',22,2,2);
INSERT INTO django_admin_log VALUES(502,'2023-01-14 03:35:44.156026','2','013','[{"changed": {"fields": ["Drum"]}}]',22,2,2);
INSERT INTO django_admin_log VALUES(503,'2023-01-14 03:35:50.481200','1','009','[{"changed": {"fields": ["Drum"]}}]',22,2,2);
INSERT INTO django_admin_log VALUES(504,'2023-01-15 05:49:48.514543','3','NSF-17-C178','[{"changed": {"fields": ["Dry end tag value (m)"]}}]',21,2,2);
INSERT INTO django_admin_log VALUES(505,'2023-01-15 05:50:13.878772','2','NSF-19-C187','[{"changed": {"fields": ["Dry end tag value (m)"]}}]',21,2,2);
INSERT INTO django_admin_log VALUES(506,'2023-01-15 05:50:36.013022','4','NSF-94-C84','[{"changed": {"fields": ["Dry end tag value (m)"]}}]',21,2,2);
INSERT INTO django_admin_log VALUES(507,'2023-01-15 05:51:03.139467','6','NSF-09-C149','[{"changed": {"fields": ["Dry end tag value (m)"]}}]',21,2,2);
INSERT INTO django_admin_log VALUES(508,'2023-01-15 05:51:23.547818','5','NSF-06-C136','[{"changed": {"fields": ["Dry end tag value (m)"]}}]',21,2,2);
INSERT INTO django_admin_log VALUES(509,'2023-01-15 05:52:59.836705','2','NSF-19-C187','[{"changed": {"fields": ["Dry end tag value (m)"]}}]',21,2,2);
INSERT INTO django_admin_log VALUES(510,'2023-01-15 05:54:32.681205','1','NSF-09-T41','[{"changed": {"fields": ["Dry end tag value (m)"]}}]',21,2,2);
INSERT INTO django_admin_log VALUES(511,'2023-01-15 05:54:44.192769','7','NSF-93-H15c','[{"changed": {"fields": ["Dry end tag value (m)"]}}]',21,2,2);
INSERT INTO django_admin_log VALUES(512,'2023-01-15 05:54:53.632089','8','NSF-93-H15a','[{"changed": {"fields": ["Dry end tag value (m)"]}}]',21,2,2);
INSERT INTO django_admin_log VALUES(513,'2023-01-15 05:55:02.842902','12','NSF-93-H15b','[{"changed": {"fields": ["Dry end tag value (m)"]}}]',21,2,2);
INSERT INTO django_admin_log VALUES(514,'2023-01-15 05:55:12.170701','13','NSF-07-T36','[{"changed": {"fields": ["Dry end tag value (m)"]}}]',21,2,2);
INSERT INTO django_admin_log VALUES(515,'2023-01-15 21:12:27.607976','215','2023-01-14 17:31:00','',9,2,3);
INSERT INTO django_admin_log VALUES(516,'2023-01-15 21:12:27.615037','214','2023-01-14 09:30:01','',9,2,3);
INSERT INTO django_admin_log VALUES(517,'2023-01-15 21:12:27.619619','213','2023-01-14 09:27:00','',9,2,3);
INSERT INTO django_admin_log VALUES(518,'2023-01-15 21:12:27.623571','212','2023-01-13 22:53:04','',9,2,3);
INSERT INTO django_admin_log VALUES(519,'2023-01-15 21:12:27.629598','211','2023-01-13 22:52:20','',9,2,3);
INSERT INTO django_admin_log VALUES(520,'2023-01-15 21:12:27.634088','210','2022-07-01 22:51:48','',9,2,3);
INSERT INTO django_admin_log VALUES(521,'2023-01-15 21:12:27.637596','209','2022-12-01 22:51:26','',9,2,3);
INSERT INTO django_admin_log VALUES(522,'2023-01-15 21:12:27.640997','208','2023-01-13 22:49:11','',9,2,3);
INSERT INTO django_admin_log VALUES(523,'2023-01-15 21:12:27.644601','207','2023-01-13 22:46:40','',9,2,3);
INSERT INTO django_admin_log VALUES(524,'2023-01-15 21:12:27.648111','206','2023-01-01 07:16:41','',9,2,3);
INSERT INTO django_admin_log VALUES(525,'2023-01-15 21:12:27.651649','205','2023-01-01 07:14:54','',9,2,3);
INSERT INTO django_admin_log VALUES(526,'2023-01-15 21:12:27.655703','204','2023-01-01 07:14:28','',9,2,3);
INSERT INTO django_admin_log VALUES(527,'2023-01-15 21:12:27.658705','203','2023-01-13 07:11:06','',9,2,3);
INSERT INTO django_admin_log VALUES(528,'2023-01-15 21:12:27.662489','202','2023-01-13 07:09:39','',9,2,3);
INSERT INTO django_admin_log VALUES(529,'2023-01-15 21:12:27.667887','201','2023-01-14 06:00:00','',9,2,3);
INSERT INTO django_admin_log VALUES(530,'2023-01-15 21:12:27.671803','200','2023-01-14 07:07:56','',9,2,3);
INSERT INTO django_admin_log VALUES(531,'2023-01-15 21:12:27.675021','199','2023-01-11 06:59:35','',9,2,3);
INSERT INTO django_admin_log VALUES(532,'2023-01-15 21:12:27.679118','198','2023-01-14 06:59:09','',9,2,3);
INSERT INTO django_admin_log VALUES(533,'2023-01-15 21:12:27.683124','197','2022-12-29 23:12:20','',9,2,3);
INSERT INTO django_admin_log VALUES(534,'2023-01-15 21:12:27.686369','196','2022-12-29 23:10:44','',9,2,3);
INSERT INTO django_admin_log VALUES(535,'2023-01-15 21:12:27.689872','195','2022-06-28 19:34:47','',9,2,3);
INSERT INTO django_admin_log VALUES(536,'2023-01-15 21:12:27.693865','194','2022-12-22 19:34:32','',9,2,3);
INSERT INTO django_admin_log VALUES(537,'2023-01-15 21:12:27.697065','193','2021-11-02 19:33:42','',9,2,3);
INSERT INTO django_admin_log VALUES(538,'2023-01-15 21:12:27.700933','192','2022-06-01 19:33:09','',9,2,3);
INSERT INTO django_admin_log VALUES(539,'2023-01-15 21:12:27.704130','191','2022-12-22 19:28:34','',9,2,3);
INSERT INTO django_admin_log VALUES(540,'2023-01-15 21:50:23.812313','1','EN695_Sosik','[{"added": {}}]',32,2,1);
INSERT INTO django_admin_log VALUES(541,'2023-01-15 21:52:21.733929','1','EN695_Sosik','[{"changed": {"fields": ["Status"]}}]',32,2,2);
INSERT INTO django_admin_log VALUES(542,'2023-01-16 02:23:35.004123','223','2023-01-15 23:59:47','',9,2,3);
INSERT INTO django_admin_log VALUES(543,'2023-01-16 02:23:35.019906','222','2023-01-15 23:38:03','',9,2,3);
INSERT INTO django_admin_log VALUES(544,'2023-01-16 02:23:35.025634','221','2023-01-15 23:33:07','',9,2,3);
INSERT INTO django_admin_log VALUES(545,'2023-01-16 02:23:35.029735','220','2023-01-15 23:10:39','',9,2,3);
INSERT INTO django_admin_log VALUES(546,'2023-01-16 02:23:35.034119','219','2023-01-15 23:02:20','',9,2,3);
INSERT INTO django_admin_log VALUES(547,'2023-01-16 02:23:35.038119','218','2023-01-14 17:31:00','',9,2,3);
INSERT INTO django_admin_log VALUES(548,'2023-01-16 02:23:35.041119','217','2023-01-14 17:31:00','',9,2,3);
INSERT INTO django_admin_log VALUES(549,'2023-01-16 02:23:35.045354','216','2023-01-14 17:31:00','',9,2,3);
INSERT INTO django_admin_log VALUES(550,'2023-01-16 03:48:16.088695','224','2023-01-10 12:36:00','',9,2,3);
INSERT INTO django_admin_log VALUES(551,'2023-01-16 03:48:42.099653','225','2022-12-11 19:39:00','',9,2,3);
INSERT INTO django_admin_log VALUES(552,'2023-01-16 03:51:36.056153','231','2023-01-10 12:36:10','',9,2,3);
INSERT INTO django_admin_log VALUES(553,'2023-01-16 04:01:39.434194','236','2023-01-13 04:07:00','',9,2,3);
INSERT INTO django_admin_log VALUES(554,'2023-01-16 04:10:03.149344','243','2022-12-14 09:24:18','',9,2,3);
INSERT INTO django_admin_log VALUES(555,'2023-01-16 04:10:13.883920','242','2023-01-14 09:24:58','',9,2,3);
INSERT INTO django_admin_log VALUES(556,'2023-01-16 04:26:50.288059','247','2023-01-11 20:25:32','',9,2,3);
INSERT INTO django_admin_log VALUES(557,'2023-01-19 15:18:26.666144','5','NSF-06-C136','[{"changed": {"fields": ["Dry end tag value (m)"]}}]',21,2,2);
INSERT INTO django_admin_log VALUES(558,'2023-01-25 18:01:00.238493','16','NSF-13-C167','[{"added": {}}]',21,2,1);
INSERT INTO django_admin_log VALUES(559,'2023-01-25 18:01:45.273121','7','010','[{"changed": {"fields": ["Wire"]}}]',22,2,2);
INSERT INTO django_admin_log VALUES(560,'2023-01-25 18:04:47.518338','5','2022-06-30','[{"changed": {"fields": ["Wet end tag value (m)", "Notes"]}}]',10,2,2);
INSERT INTO django_admin_log VALUES(561,'2023-01-25 18:08:25.125575','4','2022-06-30','[{"changed": {"fields": ["Wet end tag value (m)", "Notes"]}}]',10,2,2);
INSERT INTO django_admin_log VALUES(562,'2023-01-25 18:08:44.843644','4','NSF-94-C84','[{"changed": {"fields": ["Dry end tag value (m)"]}}]',21,2,2);
INSERT INTO django_admin_log VALUES(563,'2023-01-25 18:13:33.819846','33','2023-01-25','[{"added": {}}]',10,2,1);
INSERT INTO django_admin_log VALUES(564,'2023-01-25 18:19:10.069861','4','NSF-94-C84','[{"changed": {"fields": ["Dry end tag value (m)"]}}]',21,2,2);
INSERT INTO django_admin_log VALUES(565,'2023-01-25 18:21:08.897722','5','NSF-06-C136','[]',21,2,2);
INSERT INTO django_admin_log VALUES(566,'2023-01-25 18:21:27.942383','32','2023-01-19','[{"changed": {"fields": ["Wet end tag value (m)"]}}]',10,2,2);
INSERT INTO django_admin_log VALUES(567,'2023-01-25 18:31:05.217492','11','MLB-009','[{"changed": {"fields": ["Date", "Location", "Notes"]}}]',30,2,2);
INSERT INTO django_admin_log VALUES(568,'2023-01-25 18:31:15.630046','10','MLB-008','[{"changed": {"fields": ["Date", "Location"]}}]',30,2,2);
INSERT INTO django_admin_log VALUES(569,'2023-01-25 18:31:32.230109','9','MLB-007','[{"changed": {"fields": ["Date", "Location", "Notes"]}}]',30,2,2);
INSERT INTO django_admin_log VALUES(570,'2023-01-25 18:31:40.328565','10','MLB-008','[{"changed": {"fields": ["Notes"]}}]',30,2,2);
INSERT INTO django_admin_log VALUES(571,'2023-01-25 18:31:53.376956','3','Winch 1-012','[]',30,2,2);
INSERT INTO django_admin_log VALUES(572,'2023-01-25 18:31:55.399040','3','Winch 1-012','[]',30,2,2);
INSERT INTO django_admin_log VALUES(573,'2023-01-26 17:11:50.647533','16','NSF-13-C167a','[{"changed": {"fields": ["Dry end tag value (m)"]}}]',21,2,2);
INSERT INTO django_admin_log VALUES(574,'2023-01-26 17:12:08.438918','33','2023-01-25','[]',10,2,2);
INSERT INTO django_admin_log VALUES(575,'2023-01-26 18:22:14.818649','10','006','',12,2,3);
INSERT INTO django_admin_log VALUES(576,'2023-01-26 18:23:14.608298','8','Unkown-006','',30,2,3);
INSERT INTO django_admin_log VALUES(577,'2023-01-26 18:23:24.700817','10','006','',12,2,3);
INSERT INTO django_admin_log VALUES(578,'2023-01-26 18:25:09.823997','2','014','[{"changed": {"fields": ["Size"]}}]',12,2,2);
INSERT INTO django_admin_log VALUES(579,'2023-01-26 19:33:11.099504','15','002','[{"changed": {"fields": ["Color", "Weight"]}}]',12,2,2);
INSERT INTO django_admin_log VALUES(580,'2023-01-26 19:33:40.788980','14','003','[{"changed": {"fields": ["Size"]}}]',12,2,2);
INSERT INTO django_admin_log VALUES(581,'2023-01-26 19:35:01.889953','5','011','[{"changed": {"fields": ["Weight"]}}]',12,2,2);
INSERT INTO django_admin_log VALUES(582,'2023-01-26 19:39:08.526933','3','1/4 MacWhyte','[{"changed": {"fields": ["Weight per foot"]}}]',24,2,2);
INSERT INTO django_admin_log VALUES(583,'2023-01-26 19:39:43.556721','4','9/16 WRCA','[{"changed": {"fields": ["Weight per foot"]}}]',24,2,2);
INSERT INTO django_admin_log VALUES(584,'2023-01-26 19:39:51.112142','6','9/16 Wireco','[{"changed": {"fields": ["Weight per foot"]}}]',24,2,2);
INSERT INTO django_admin_log VALUES(585,'2023-02-28 15:27:37.222596','12','test','',32,2,3);
INSERT INTO django_admin_log VALUES(586,'2023-02-28 15:27:37.247968','11','test','',32,2,3);
INSERT INTO django_admin_log VALUES(587,'2023-02-28 15:27:37.258254','10','test','',32,2,3);
INSERT INTO django_admin_log VALUES(588,'2023-02-28 15:27:37.271996','9','test','',32,2,3);
INSERT INTO django_admin_log VALUES(589,'2023-02-28 15:27:37.281364','8','test','',32,2,3);
INSERT INTO django_admin_log VALUES(590,'2023-02-28 15:27:37.295842','7','test','',32,2,3);
INSERT INTO django_admin_log VALUES(591,'2023-02-28 15:27:37.303934','6','test','',32,2,3);
INSERT INTO django_admin_log VALUES(592,'2023-02-28 15:27:37.311632','5','test','',32,2,3);
INSERT INTO django_admin_log VALUES(593,'2023-02-28 15:27:37.321344','4','test','',32,2,3);
INSERT INTO django_admin_log VALUES(594,'2023-02-28 15:46:52.550670','12','TEST','',11,2,3);
INSERT INTO django_admin_log VALUES(595,'2023-02-28 15:46:52.573504','11','TEST','',11,2,3);
INSERT INTO django_admin_log VALUES(596,'2023-02-28 15:46:52.581649','10','TEST','',11,2,3);
INSERT INTO django_admin_log VALUES(597,'2023-02-28 15:46:52.590513','9','TEST','',11,2,3);
INSERT INTO django_admin_log VALUES(598,'2023-02-28 15:46:52.600889','8','TEST','',11,2,3);
INSERT INTO django_admin_log VALUES(599,'2023-02-28 16:06:07.737352','267','2023-02-26 01:28:06','',9,2,3);
INSERT INTO django_admin_log VALUES(600,'2023-02-28 16:07:15.273241','266','2023-02-20 18:38:59','',9,2,3);
INSERT INTO django_admin_log VALUES(601,'2023-02-28 16:07:15.299977','265','2023-02-15 21:39:58','',9,2,3);
INSERT INTO django_admin_log VALUES(602,'2023-02-28 16:07:15.310124','264','2022-08-16 11:21:00','',9,2,3);
INSERT INTO django_admin_log VALUES(603,'2023-02-28 16:07:15.319942','263','2023-02-08 19:59:21','',9,2,3);
INSERT INTO django_admin_log VALUES(604,'2023-02-28 16:07:15.331409','262','2023-01-20 14:20:09','',9,2,3);
INSERT INTO django_admin_log VALUES(605,'2023-02-28 16:07:15.340409','261','2023-01-20 13:55:49','',9,2,3);
INSERT INTO django_admin_log VALUES(606,'2023-02-28 16:07:15.346055','260','2023-01-19 23:24:52','',9,2,3);
INSERT INTO django_admin_log VALUES(607,'2023-02-28 16:37:12.214097','7','test','',20,2,3);
INSERT INTO django_admin_log VALUES(608,'2023-03-01 17:45:27.607169','280','2023-02-01 16:17:01','',9,2,3);
INSERT INTO django_admin_log VALUES(609,'2023-03-01 17:45:27.612690','279','2023-02-26 22:00:00','',9,2,3);
INSERT INTO django_admin_log VALUES(610,'2023-03-01 17:45:27.617676','278','2023-02-26 22:00:00','',9,2,3);
INSERT INTO django_admin_log VALUES(611,'2023-03-01 17:45:27.624760','277','2023-02-26 23:00:00','',9,2,3);
INSERT INTO django_admin_log VALUES(612,'2023-03-01 17:45:27.628083','276','2023-02-23 14:00:00','',9,2,3);
INSERT INTO django_admin_log VALUES(613,'2023-03-01 17:45:27.631530','275','2023-02-22 18:38:26','',9,2,3);
INSERT INTO django_admin_log VALUES(614,'2023-03-01 17:45:27.634577','274','2023-02-25 16:00:00','',9,2,3);
INSERT INTO django_admin_log VALUES(615,'2023-03-01 17:45:27.637877','273','2023-02-25 12:15:00','',9,2,3);
INSERT INTO django_admin_log VALUES(616,'2023-03-01 17:45:27.641127','272','2023-02-23 14:00:00','',9,2,3);
INSERT INTO django_admin_log VALUES(617,'2023-03-03 15:34:09.601546','307','2023-02-22 15:31:52','',9,2,3);
INSERT INTO django_admin_log VALUES(618,'2023-03-03 15:34:09.625804','306','2023-02-22 15:30:40','',9,2,3);
INSERT INTO django_admin_log VALUES(619,'2023-03-03 15:34:09.633868','305','2023-02-01 15:29:25','',9,2,3);
INSERT INTO django_admin_log VALUES(620,'2023-03-03 15:34:09.642216','304','2023-03-03 15:29:03','',9,2,3);
INSERT INTO django_admin_log VALUES(621,'2023-03-03 15:34:09.642216','303','2023-02-01 15:06:27','',9,2,3);
INSERT INTO django_admin_log VALUES(622,'2023-03-03 15:34:09.650225','302','2023-02-01 15:03:25','',9,2,3);
INSERT INTO django_admin_log VALUES(623,'2023-03-03 15:34:09.658229','301','2023-03-03 15:02:19','',9,2,3);
INSERT INTO django_admin_log VALUES(624,'2023-03-03 15:34:09.666222','300','2023-02-01 14:59:20','',9,2,3);
INSERT INTO django_admin_log VALUES(625,'2023-03-03 15:34:09.674621','299','2023-02-01 14:56:05','',9,2,3);
INSERT INTO django_admin_log VALUES(626,'2023-03-03 15:34:09.674621','298','2023-02-01 14:53:21','',9,2,3);
INSERT INTO django_admin_log VALUES(627,'2023-03-03 15:34:09.684367','297','2023-02-28 00:04:50','',9,2,3);
INSERT INTO django_admin_log VALUES(628,'2023-03-03 15:34:09.690881','296','2023-02-01 16:15:33','',9,2,3);
INSERT INTO django_admin_log VALUES(629,'2023-03-03 15:34:09.695930','295','2023-02-01 16:07:15','',9,2,3);
INSERT INTO django_admin_log VALUES(630,'2023-03-03 15:34:09.698474','294','2023-02-01 16:05:37','',9,2,3);
INSERT INTO django_admin_log VALUES(631,'2023-03-03 15:34:09.708914','293','2023-02-01 15:42:56','',9,2,3);
INSERT INTO django_admin_log VALUES(632,'2023-03-03 15:34:09.715009','292','2023-02-01 15:42:03','',9,2,3);
INSERT INTO django_admin_log VALUES(633,'2023-03-03 15:34:09.724173','291','2023-02-01 15:41:01','',9,2,3);
INSERT INTO django_admin_log VALUES(634,'2023-03-03 15:34:09.731355','290','2023-02-01 19:28:26','',9,2,3);
INSERT INTO django_admin_log VALUES(635,'2023-03-03 15:34:09.741413','289','2023-02-01 19:25:01','',9,2,3);
INSERT INTO django_admin_log VALUES(636,'2023-03-03 15:34:09.747426','288','2023-02-01 19:23:14','',9,2,3);
INSERT INTO django_admin_log VALUES(637,'2023-03-03 15:34:09.749262','287','2023-02-01 19:21:36','',9,2,3);
INSERT INTO django_admin_log VALUES(638,'2023-03-03 15:34:09.757622','286','2023-02-01 19:20:01','',9,2,3);
INSERT INTO django_admin_log VALUES(639,'2023-03-03 15:34:09.764131','285','2023-02-01 19:19:08','',9,2,3);
INSERT INTO django_admin_log VALUES(640,'2023-03-03 15:34:09.772245','284','2023-02-01 19:00:48','',9,2,3);
INSERT INTO django_admin_log VALUES(641,'2023-03-03 15:34:09.781131','283','2023-02-01 18:59:11','',9,2,3);
INSERT INTO django_admin_log VALUES(642,'2023-03-03 15:34:09.788636','282','2023-02-01 18:49:35','',9,2,3);
INSERT INTO django_admin_log VALUES(643,'2023-03-07 14:17:54.067280','431','2023-03-02 14:12:11','',9,2,3);
INSERT INTO django_admin_log VALUES(644,'2023-03-07 14:17:54.086980','430','2023-03-01 14:11:43','',9,2,3);
INSERT INTO django_admin_log VALUES(645,'2023-03-07 14:17:54.097657','429','2023-03-03 14:09:52','',9,2,3);
INSERT INTO django_admin_log VALUES(646,'2023-03-07 14:17:54.106397','428','2023-03-06 14:08:24','',9,2,3);
INSERT INTO django_admin_log VALUES(647,'2023-03-07 14:17:54.116371','427','2023-03-07 12:07:30','',9,2,3);
INSERT INTO django_admin_log VALUES(648,'2023-03-07 14:17:54.122392','426','2023-03-03 14:04:10','',9,2,3);
INSERT INTO django_admin_log VALUES(649,'2023-03-07 14:17:54.132246','425','2023-03-03 14:00:23','',9,2,3);
INSERT INTO django_admin_log VALUES(650,'2023-03-07 14:17:54.142867','424','2023-03-03 13:54:17','',9,2,3);
INSERT INTO django_admin_log VALUES(651,'2023-03-07 14:17:54.155094','423','2023-03-05 13:53:12','',9,2,3);
INSERT INTO django_admin_log VALUES(652,'2023-03-07 14:17:54.164939','422','2023-03-03 13:48:02','',9,2,3);
INSERT INTO django_admin_log VALUES(653,'2023-03-07 14:17:54.171959','421','2023-03-04 13:46:12','',9,2,3);
INSERT INTO django_admin_log VALUES(654,'2023-03-07 14:17:54.182148','420','2023-03-03 13:44:18','',9,2,3);
INSERT INTO django_admin_log VALUES(655,'2023-03-07 14:17:54.194956','419','2023-03-01 13:43:44','',9,2,3);
INSERT INTO django_admin_log VALUES(656,'2023-03-07 14:17:54.205865','418','2023-03-06 13:35:00','',9,2,3);
INSERT INTO django_admin_log VALUES(657,'2023-03-07 14:17:54.214940','417','2023-03-01 13:33:42','',9,2,3);
INSERT INTO django_admin_log VALUES(658,'2023-03-07 14:17:54.226725','416','2023-03-03 13:33:12','',9,2,3);
INSERT INTO django_admin_log VALUES(659,'2023-03-07 14:17:54.235977','415','2023-03-03 13:32:13','',9,2,3);
INSERT INTO django_admin_log VALUES(660,'2023-03-07 14:17:54.248296','414','2023-03-06 13:28:22','',9,2,3);
INSERT INTO django_admin_log VALUES(661,'2023-03-07 14:17:54.256615','413','2023-03-06 13:27:49','',9,2,3);
INSERT INTO django_admin_log VALUES(662,'2023-03-07 14:17:54.265704','412','2023-03-01 13:27:20','',9,2,3);
INSERT INTO django_admin_log VALUES(663,'2023-03-07 14:17:54.273765','411','2023-03-07 13:26:39','',9,2,3);
INSERT INTO django_admin_log VALUES(664,'2023-03-07 14:17:54.288117','410','2023-03-07 13:25:09','',9,2,3);
INSERT INTO django_admin_log VALUES(665,'2023-03-07 14:17:54.297191','409','2023-03-07 11:12:48','',9,2,3);
INSERT INTO django_admin_log VALUES(666,'2023-03-07 14:17:54.305070','408','2023-03-03 00:51:15','',9,2,3);
INSERT INTO django_admin_log VALUES(667,'2023-03-07 14:17:54.314737','407','2023-03-02 00:50:43','',9,2,3);
INSERT INTO django_admin_log VALUES(668,'2023-03-07 14:17:54.321130','406','2023-03-02 00:46:47','',9,2,3);
INSERT INTO django_admin_log VALUES(669,'2023-03-07 14:17:54.331377','405','2023-03-02 00:43:26','',9,2,3);
INSERT INTO django_admin_log VALUES(670,'2023-03-07 14:17:54.338268','404','2023-03-02 00:33:51','',9,2,3);
INSERT INTO django_admin_log VALUES(671,'2023-03-07 14:17:54.344229','403','2023-03-01 00:30:25','',9,2,3);
INSERT INTO django_admin_log VALUES(672,'2023-03-07 14:17:54.355651','402','2023-03-01 00:28:53','',9,2,3);
INSERT INTO django_admin_log VALUES(673,'2023-03-07 14:17:54.365273','401','2023-03-01 00:26:05','',9,2,3);
INSERT INTO django_admin_log VALUES(674,'2023-03-07 14:17:54.377224','400','2023-02-01 00:20:39','',9,2,3);
INSERT INTO django_admin_log VALUES(675,'2023-03-07 14:17:54.387227','399','2023-03-01 16:27:55','',9,2,3);
INSERT INTO django_admin_log VALUES(676,'2023-03-07 14:17:54.394133','398','2023-03-01 16:27:10','',9,2,3);
INSERT INTO django_admin_log VALUES(677,'2023-03-07 14:17:54.403643','397','2023-03-01 16:26:25','',9,2,3);
INSERT INTO django_admin_log VALUES(678,'2023-03-07 14:17:54.412985','396','2023-03-06 16:24:46','',9,2,3);
INSERT INTO django_admin_log VALUES(679,'2023-03-07 14:17:54.423270','395','2023-03-01 16:22:54','',9,2,3);
INSERT INTO django_admin_log VALUES(680,'2023-03-07 14:17:54.427122','394','2023-03-01 16:20:14','',9,2,3);
INSERT INTO django_admin_log VALUES(681,'2023-03-07 14:17:54.438818','393','2023-03-01 14:56:18','',9,2,3);
INSERT INTO django_admin_log VALUES(682,'2023-03-07 14:17:54.448332','392','2023-03-01 14:55:16','',9,2,3);
INSERT INTO django_admin_log VALUES(683,'2023-03-07 14:17:54.453478','391','2023-03-06 14:53:34','',9,2,3);
INSERT INTO django_admin_log VALUES(684,'2023-03-07 14:17:54.467367','390','2023-03-01 14:43:38','',9,2,3);
INSERT INTO django_admin_log VALUES(685,'2023-03-07 14:17:54.477313','389','2023-03-01 21:50:21','',9,2,3);
INSERT INTO django_admin_log VALUES(686,'2023-03-07 14:17:54.485770','388','2023-03-05 21:49:38','',9,2,3);
INSERT INTO django_admin_log VALUES(687,'2023-03-07 14:17:54.494079','387','2023-03-05 21:47:09','',9,2,3);
INSERT INTO django_admin_log VALUES(688,'2023-03-07 14:17:54.505820','386','2023-03-09 21:36:01','',9,2,3);
INSERT INTO django_admin_log VALUES(689,'2023-03-07 14:17:54.510831','385','2023-03-09 21:27:50','',9,2,3);
INSERT INTO django_admin_log VALUES(690,'2023-03-07 14:17:54.523927','384','2023-03-09 21:27:50','',9,2,3);
INSERT INTO django_admin_log VALUES(691,'2023-03-07 14:17:54.535617','383','2023-03-09 21:27:50','',9,2,3);
INSERT INTO django_admin_log VALUES(692,'2023-03-07 14:17:54.548299','382','2023-03-16 21:27:07','',9,2,3);
INSERT INTO django_admin_log VALUES(693,'2023-03-07 14:17:54.560366','381','2023-03-14 21:25:21','',9,2,3);
INSERT INTO django_admin_log VALUES(694,'2023-03-07 14:17:54.567726','380','2023-03-08 21:23:01','',9,2,3);
INSERT INTO django_admin_log VALUES(695,'2023-03-07 14:17:54.576554','379','2023-03-14 21:22:08','',9,2,3);
INSERT INTO django_admin_log VALUES(696,'2023-03-07 14:17:54.584064','378','2023-03-01 21:15:13','',9,2,3);
INSERT INTO django_admin_log VALUES(697,'2023-03-07 14:17:54.598448','377','2023-03-05 21:02:06','',9,2,3);
INSERT INTO django_admin_log VALUES(698,'2023-03-07 14:17:54.607960','376','2023-03-05 20:32:09','',9,2,3);
INSERT INTO django_admin_log VALUES(699,'2023-03-07 14:17:54.618959','375','2023-03-05 20:21:14','',9,2,3);
INSERT INTO django_admin_log VALUES(700,'2023-03-07 14:17:54.630272','374','2023-03-05 20:18:40','',9,2,3);
INSERT INTO django_admin_log VALUES(701,'2023-03-07 14:17:54.641061','373','2023-03-05 20:17:44','',9,2,3);
INSERT INTO django_admin_log VALUES(702,'2023-03-07 14:17:54.648433','372','2023-03-05 20:14:46','',9,2,3);
INSERT INTO django_admin_log VALUES(703,'2023-03-07 14:17:54.650125','371','2023-03-05 20:11:30','',9,2,3);
INSERT INTO django_admin_log VALUES(704,'2023-03-07 14:17:54.664967','370','2023-03-01 20:08:29','',9,2,3);
INSERT INTO django_admin_log VALUES(705,'2023-03-07 14:17:54.676751','369','2023-03-01 20:06:37','',9,2,3);
INSERT INTO django_admin_log VALUES(706,'2023-03-07 14:17:54.687786','368','2023-03-01 19:59:32','',9,2,3);
INSERT INTO django_admin_log VALUES(707,'2023-03-07 14:17:54.694310','367','2023-02-15 19:57:58','',9,2,3);
INSERT INTO django_admin_log VALUES(708,'2023-03-07 14:17:54.701433','366','2023-03-05 19:52:35','',9,2,3);
INSERT INTO django_admin_log VALUES(709,'2023-03-07 14:17:54.715899','365','2023-03-01 19:47:25','',9,2,3);
INSERT INTO django_admin_log VALUES(710,'2023-03-07 14:17:54.715899','364','2023-03-01 19:46:17','',9,2,3);
INSERT INTO django_admin_log VALUES(711,'2023-03-07 14:17:54.730743','363','2023-03-03 19:45:25','',9,2,3);
INSERT INTO django_admin_log VALUES(712,'2023-03-07 14:17:54.738023','362','2023-03-01 19:43:37','',9,2,3);
INSERT INTO django_admin_log VALUES(713,'2023-03-07 14:17:54.741842','361','2023-03-01 19:37:38','',9,2,3);
INSERT INTO django_admin_log VALUES(714,'2023-03-07 14:17:54.753121','360','2023-03-01 19:35:36','',9,2,3);
INSERT INTO django_admin_log VALUES(715,'2023-03-07 14:17:54.758690','359','2023-02-14 19:24:13','',9,2,3);
INSERT INTO django_admin_log VALUES(716,'2023-03-07 14:17:54.773554','358','2023-02-22 19:23:42','',9,2,3);
INSERT INTO django_admin_log VALUES(717,'2023-03-07 14:17:54.782802','357','2023-02-01 19:18:14','',9,2,3);
INSERT INTO django_admin_log VALUES(718,'2023-03-07 14:17:54.789554','356','2023-03-05 17:51:42','',9,2,3);
INSERT INTO django_admin_log VALUES(719,'2023-03-07 14:17:54.800483','355','2023-03-05 17:49:58','',9,2,3);
INSERT INTO django_admin_log VALUES(720,'2023-03-07 14:17:54.810478','354','2023-03-05 17:47:24','',9,2,3);
INSERT INTO django_admin_log VALUES(721,'2023-03-07 14:17:54.823476','353','2023-03-05 17:44:19','',9,2,3);
INSERT INTO django_admin_log VALUES(722,'2023-03-07 14:17:54.840286','352','2023-03-05 17:41:32','',9,2,3);
INSERT INTO django_admin_log VALUES(723,'2023-03-07 14:17:54.853335','351','2023-03-05 17:39:33','',9,2,3);
INSERT INTO django_admin_log VALUES(724,'2023-03-07 14:17:54.866330','350','2023-03-04 21:52:35','',9,2,3);
INSERT INTO django_admin_log VALUES(725,'2023-03-07 14:17:54.876017','349','2023-03-01 21:52:03','',9,2,3);
INSERT INTO django_admin_log VALUES(726,'2023-03-07 14:17:54.883112','348','2023-03-04 21:49:34','',9,2,3);
INSERT INTO django_admin_log VALUES(727,'2023-03-07 14:17:54.891977','347','2023-03-04 21:04:11','',9,2,3);
INSERT INTO django_admin_log VALUES(728,'2023-03-07 14:17:54.913166','346','2023-03-04 21:03:38','',9,2,3);
INSERT INTO django_admin_log VALUES(729,'2023-03-07 14:17:54.921460','345','2023-03-04 21:02:47','',9,2,3);
INSERT INTO django_admin_log VALUES(730,'2023-03-07 14:17:54.931325','344','2023-03-04 20:37:47','',9,2,3);
INSERT INTO django_admin_log VALUES(731,'2023-03-07 14:17:54.937402','343','2023-03-04 20:31:50','',9,2,3);
INSERT INTO django_admin_log VALUES(732,'2023-03-07 14:17:54.947090','342','2023-03-04 20:29:15','',9,2,3);
INSERT INTO django_admin_log VALUES(733,'2023-03-07 14:17:54.958306','341','2023-03-04 20:13:34','',9,2,3);
INSERT INTO django_admin_log VALUES(734,'2023-03-07 14:17:54.967822','340','2023-03-04 20:08:19','',9,2,3);
INSERT INTO django_admin_log VALUES(735,'2023-03-07 14:17:54.978324','339','2023-03-04 20:05:25','',9,2,3);
INSERT INTO django_admin_log VALUES(736,'2023-03-07 14:17:54.986460','338','2023-03-04 19:56:27','',9,2,3);
INSERT INTO django_admin_log VALUES(737,'2023-03-07 14:17:54.997935','337','2023-03-04 19:55:45','',9,2,3);
INSERT INTO django_admin_log VALUES(738,'2023-03-07 14:17:55.002358','336','2023-03-04 19:54:32','',9,2,3);
INSERT INTO django_admin_log VALUES(739,'2023-03-07 14:17:55.010364','335','2023-03-04 19:36:09','',9,2,3);
INSERT INTO django_admin_log VALUES(740,'2023-03-07 14:17:55.018457','334','2023-03-04 19:26:04','',9,2,3);
INSERT INTO django_admin_log VALUES(741,'2023-03-07 14:17:55.035170','333','2023-03-04 19:25:20','',9,2,3);
INSERT INTO django_admin_log VALUES(742,'2023-03-07 14:17:55.044691','332','2023-03-04 19:24:06','',9,2,3);
INSERT INTO django_admin_log VALUES(743,'2023-03-07 14:18:20.898051','331','2023-03-04 19:17:21','',9,2,3);
INSERT INTO django_admin_log VALUES(744,'2023-03-07 14:18:20.914546','330','2023-03-04 19:16:25','',9,2,3);
INSERT INTO django_admin_log VALUES(745,'2023-03-07 14:18:20.922715','329','2023-03-04 19:11:59','',9,2,3);
INSERT INTO django_admin_log VALUES(746,'2023-03-07 14:18:20.934908','328','2023-03-04 19:08:38','',9,2,3);
INSERT INTO django_admin_log VALUES(747,'2023-03-07 14:18:20.944443','327','2023-03-04 19:08:38','',9,2,3);
INSERT INTO django_admin_log VALUES(748,'2023-03-07 14:18:20.955891','326','2023-03-04 18:28:31','',9,2,3);
INSERT INTO django_admin_log VALUES(749,'2023-03-07 14:18:20.972717','325','2023-03-04 18:27:53','',9,2,3);
INSERT INTO django_admin_log VALUES(750,'2023-03-07 14:18:20.982404','324','2023-03-04 18:27:20','',9,2,3);
INSERT INTO django_admin_log VALUES(751,'2023-03-07 14:18:20.996080','323','2023-03-04 18:26:22','',9,2,3);
INSERT INTO django_admin_log VALUES(752,'2023-03-07 14:18:21.007717','322','2023-03-04 18:16:49','',9,2,3);
INSERT INTO django_admin_log VALUES(753,'2023-03-07 14:18:21.020816','321','2023-03-04 18:16:02','',9,2,3);
INSERT INTO django_admin_log VALUES(754,'2023-03-07 14:18:21.033714','320','2023-03-04 18:13:52','',9,2,3);
INSERT INTO django_admin_log VALUES(755,'2023-03-07 14:18:21.040103','319','2023-03-04 18:12:58','',9,2,3);
INSERT INTO django_admin_log VALUES(756,'2023-03-07 14:18:21.055595','318','2023-03-04 18:10:38','',9,2,3);
INSERT INTO django_admin_log VALUES(757,'2023-03-07 14:18:21.063100','317','2023-03-04 18:09:46','',9,2,3);
INSERT INTO django_admin_log VALUES(758,'2023-03-07 14:18:21.072141','316','2023-03-04 18:09:15','',9,2,3);
INSERT INTO django_admin_log VALUES(759,'2023-03-07 14:18:21.082290','315','2023-03-04 18:08:08','',9,2,3);
INSERT INTO django_admin_log VALUES(760,'2023-03-07 14:18:21.092817','314','2023-03-04 18:07:30','',9,2,3);
INSERT INTO django_admin_log VALUES(761,'2023-03-07 14:18:21.103849','313','2023-03-04 18:02:16','',9,2,3);
INSERT INTO django_admin_log VALUES(762,'2023-03-07 14:18:21.119838','312','2023-03-04 17:46:30','',9,2,3);
INSERT INTO django_admin_log VALUES(763,'2023-03-07 14:18:21.128083','311','2023-03-04 17:44:16','',9,2,3);
INSERT INTO django_admin_log VALUES(764,'2023-03-07 14:18:21.138708','310','2023-03-04 17:43:21','',9,2,3);
INSERT INTO django_admin_log VALUES(765,'2023-03-07 14:18:21.152069','309','2023-03-04 17:42:04','',9,2,3);
INSERT INTO django_admin_log VALUES(766,'2023-03-07 14:18:21.169051','308','2023-03-01 17:41:33','',9,2,3);
INSERT INTO django_admin_log VALUES(767,'2023-03-07 14:18:21.180229','281','2023-02-01 18:41:03','',9,2,3);
INSERT INTO django_admin_log VALUES(768,'2023-03-07 14:18:43.951579','259','2023-01-14 20:25:00','',9,2,3);
INSERT INTO django_admin_log VALUES(769,'2023-03-07 14:18:43.972195','258','2023-01-14 20:47:04','',9,2,3);
INSERT INTO django_admin_log VALUES(770,'2023-03-07 14:44:44.552831','432','2023-02-01 14:41:20','',9,2,3);
INSERT INTO django_admin_log VALUES(771,'2023-03-07 16:14:19.711753','13','2021-08-23','[{"added": {}}]',31,2,1);
INSERT INTO django_admin_log VALUES(772,'2023-03-07 16:16:52.636809','13','None','[{"changed": {"fields": ["Date"]}}]',31,2,2);
INSERT INTO django_admin_log VALUES(773,'2023-03-07 16:17:01.084924','12','None','[{"changed": {"fields": ["Date"]}}]',31,2,2);
INSERT INTO django_admin_log VALUES(774,'2023-03-07 16:17:11.851181','11','None','[{"changed": {"fields": ["Date"]}}]',31,2,2);
INSERT INTO django_admin_log VALUES(775,'2023-03-07 16:17:15.760189','10','2022-12-31 22:13:32','[]',31,2,2);
INSERT INTO django_admin_log VALUES(776,'2023-03-07 16:17:23.224971','10','None','[{"changed": {"fields": ["Date"]}}]',31,2,2);
INSERT INTO django_admin_log VALUES(777,'2023-03-07 16:17:30.030674','9','None','[{"changed": {"fields": ["Date"]}}]',31,2,2);
INSERT INTO django_admin_log VALUES(778,'2023-03-07 16:17:37.514432','8','None','[{"changed": {"fields": ["Date"]}}]',31,2,2);
INSERT INTO django_admin_log VALUES(779,'2023-03-07 16:17:44.893155','7','None','[{"changed": {"fields": ["Date"]}}]',31,2,2);
INSERT INTO django_admin_log VALUES(780,'2023-03-07 16:17:52.897839','6','None','[{"changed": {"fields": ["Date"]}}]',31,2,2);
INSERT INTO django_admin_log VALUES(781,'2023-03-07 16:18:00.538671','5','None','[{"changed": {"fields": ["Date"]}}]',31,2,2);
INSERT INTO django_admin_log VALUES(782,'2023-03-07 16:18:08.469373','3','None','[{"changed": {"fields": ["Date"]}}]',31,2,2);
INSERT INTO django_admin_log VALUES(783,'2023-03-07 16:18:15.982354','2','None','[{"changed": {"fields": ["Date"]}}]',31,2,2);
INSERT INTO django_admin_log VALUES(784,'2023-03-07 16:18:23.404555','1','None','[{"changed": {"fields": ["Date"]}}]',31,2,2);
INSERT INTO django_admin_log VALUES(785,'2023-03-07 16:20:16.963399','13','2021-08-23','[{"changed": {"fields": ["Date"]}}]',31,2,2);
INSERT INTO django_admin_log VALUES(786,'2023-03-07 16:20:33.301087','12','2022-12-31','[{"changed": {"fields": ["Date"]}}]',31,2,2);
INSERT INTO django_admin_log VALUES(787,'2023-03-07 16:20:44.335069','11','2017-12-05','[{"changed": {"fields": ["Date"]}}]',31,2,2);
INSERT INTO django_admin_log VALUES(788,'2023-03-07 16:21:07.520940','10','2022-12-31','[{"changed": {"fields": ["Date"]}}]',31,2,2);
INSERT INTO django_admin_log VALUES(789,'2023-03-07 16:21:22.770021','9','2014-05-23','[{"changed": {"fields": ["Date"]}}]',31,2,2);
INSERT INTO django_admin_log VALUES(790,'2023-03-07 16:21:46.932090','8','2018-02-01','[{"changed": {"fields": ["Date"]}}]',31,2,2);
INSERT INTO django_admin_log VALUES(791,'2023-03-07 16:22:01.526579','7','2022-05-02','[{"changed": {"fields": ["Date"]}}]',31,2,2);
INSERT INTO django_admin_log VALUES(792,'2023-03-07 16:22:15.915309','6','2022-08-10','[{"changed": {"fields": ["Date"]}}]',31,2,2);
INSERT INTO django_admin_log VALUES(793,'2023-03-07 16:22:31.459387','5','2022-12-31','[{"changed": {"fields": ["Date"]}}]',31,2,2);
INSERT INTO django_admin_log VALUES(794,'2023-03-07 16:22:57.365252','3','2010-05-17','[{"changed": {"fields": ["Date"]}}]',31,2,2);
INSERT INTO django_admin_log VALUES(795,'2023-03-07 16:23:17.825376','2','2013-10-21','[{"changed": {"fields": ["Date"]}}]',31,2,2);
INSERT INTO django_admin_log VALUES(796,'2023-03-07 16:23:31.351313','1','2022-08-10','[{"changed": {"fields": ["Date"]}}]',31,2,2);
INSERT INTO django_admin_log VALUES(797,'2023-03-07 16:23:59.010189','14','2021-08-23','[{"added": {}}]',31,2,1);
INSERT INTO django_admin_log VALUES(798,'2023-03-07 16:24:31.141174','15','2021-02-19','[{"added": {}}]',31,2,1);
INSERT INTO django_admin_log VALUES(799,'2023-03-07 16:24:56.607294','16','2021-02-19','[{"added": {}}]',31,2,1);
INSERT INTO django_admin_log VALUES(800,'2023-03-07 16:25:45.696213','16','2020-05-03','[{"changed": {"fields": ["Date", "Tested breaking load"]}}]',31,2,2);
INSERT INTO django_admin_log VALUES(801,'2023-03-07 16:26:15.761168','17','2009-05-29','[{"added": {}}]',31,2,1);
INSERT INTO django_admin_log VALUES(802,'2023-03-07 16:27:14.157741','14','2022-08-10','[{"changed": {"fields": ["Date", "Tested breaking load"]}}]',31,2,2);
INSERT INTO django_admin_log VALUES(803,'2023-03-07 16:28:48.728068','18','2021-02-19','[{"added": {}}]',31,2,1);
INSERT INTO django_admin_log VALUES(804,'2023-03-07 16:29:16.315993','19','2019-08-27','[{"added": {}}]',31,2,1);
INSERT INTO django_admin_log VALUES(805,'2023-03-07 16:30:59.512466','20','2021-02-22','[{"added": {}}]',31,2,1);
INSERT INTO django_admin_log VALUES(806,'2023-03-07 16:31:27.565348','21','2020-05-11','[{"added": {}}]',31,2,1);
INSERT INTO django_admin_log VALUES(807,'2023-03-07 16:31:58.924719','22','2017-04-24','[{"added": {}}]',31,2,1);
INSERT INTO django_admin_log VALUES(808,'2023-03-07 16:32:40.119490','7','2022-05-25','[{"changed": {"fields": ["Date"]}}]',31,2,2);
INSERT INTO django_admin_log VALUES(809,'2023-03-16 13:59:23.792971','441','2023-03-15 13:23:44','',9,2,3);
INSERT INTO django_admin_log VALUES(810,'2023-03-16 13:59:23.803049','440','2023-03-14 14:33:06','',9,2,3);
INSERT INTO django_admin_log VALUES(811,'2023-03-22 23:39:47.742911','13','EN697c_Johns','[]',32,2,2);
INSERT INTO django_admin_log VALUES(812,'2023-03-22 23:39:56.891917','13','EN697c_Johns','[{"changed": {"fields": ["End date"]}}]',32,2,2);
INSERT INTO django_admin_log VALUES(813,'2023-03-22 23:40:10.179748','3','EN697a_Johns','[{"changed": {"fields": ["End date"]}}]',32,2,2);
INSERT INTO django_admin_log VALUES(814,'2023-03-22 23:40:33.073661','2','EN697b_Johns','[{"changed": {"fields": ["End date"]}}]',32,2,2);
INSERT INTO django_admin_log VALUES(815,'2023-03-22 23:41:19.565511','446','2023-03-22 23:32:16','',9,2,3);
INSERT INTO django_admin_log VALUES(816,'2023-03-22 23:41:19.581135','445','2023-02-01 15:04:49','',9,2,3);
INSERT INTO django_admin_log VALUES(817,'2023-03-22 23:41:19.618905','444','2023-03-20 15:02:35','',9,2,3);
INSERT INTO django_admin_log VALUES(818,'2023-03-22 23:41:19.634530','443','2023-03-09 16:07:02','',9,2,3);
INSERT INTO django_admin_log VALUES(819,'2023-03-22 23:41:19.712656','442','2023-03-01 16:06:12','',9,2,3);
INSERT INTO django_admin_log VALUES(820,'2023-03-23 19:41:30.468075','449','2023-02-15 15:34:04','',9,1,3);
INSERT INTO django_admin_log VALUES(821,'2023-03-23 19:41:30.468075','448','2023-03-23 15:32:00','',9,1,3);
INSERT INTO django_admin_log VALUES(822,'2023-03-23 19:41:30.537156','447','2023-02-01 23:41:33','',9,1,3);
INSERT INTO django_admin_log VALUES(823,'2023-03-27 18:12:37.582849','15','Boneyard-015','[{"changed": {"fields": ["Location", "Notes"]}}]',30,1,2);
INSERT INTO django_admin_log VALUES(824,'2023-03-27 18:12:46.574578','15','Boneyard-015','[{"changed": {"fields": ["Date"]}}]',30,1,2);
INSERT INTO django_admin_log VALUES(825,'2023-03-27 18:13:12.406435','7','Boneyard-003','[{"changed": {"fields": ["Date", "Location", "Notes"]}}]',30,1,2);
INSERT INTO django_admin_log VALUES(826,'2023-03-27 18:13:35.529749','6','MLB-002','[{"changed": {"fields": ["Date", "Location", "Notes"]}}]',30,1,2);
INSERT INTO django_admin_log VALUES(827,'2023-03-27 18:14:00.043625','13','MLB-011','[{"changed": {"fields": ["Date", "Location", "Notes"]}}]',30,1,2);
INSERT INTO django_admin_log VALUES(828,'2023-03-27 18:14:15.493606','12','MLB-010','[{"changed": {"fields": ["Date", "Location", "Notes"]}}]',30,1,2);
INSERT INTO django_admin_log VALUES(829,'2023-03-27 18:14:53.056737','5','MLB-005','[{"changed": {"fields": ["Date", "Notes"]}}]',30,1,2);
INSERT INTO django_admin_log VALUES(830,'2023-03-27 18:15:37.347923','16','Unkown-TEST','',30,1,3);
INSERT INTO django_admin_log VALUES(831,'2023-03-27 18:19:49.253888','17','TEST','',12,1,3);
INSERT INTO django_admin_log VALUES(832,'2023-03-27 18:20:36.633280','14','MLB-014','[{"changed": {"fields": ["Date", "Location", "Notes"]}}]',30,1,2);
INSERT INTO django_admin_log VALUES(833,'2023-03-27 18:21:14.475194','4','MLB-001','[{"changed": {"fields": ["Date", "Notes"]}}]',30,1,2);
INSERT INTO django_admin_log VALUES(834,'2023-04-24 12:34:58.332072','14','EN699_Taylor','[{"changed": {"fields": ["End date"]}}]',32,1,2);
INSERT INTO django_admin_log VALUES(835,'2023-04-24 12:36:49.316448','15','EN700_Phillips','[{"added": {}}]',32,1,1);
INSERT INTO django_admin_log VALUES(836,'2023-04-24 12:37:14.769572','1','EN695_Sosik','[{"changed": {"fields": ["End date"]}}]',32,1,2);
INSERT INTO django_admin_log VALUES(837,'2023-04-24 12:39:39.881793','8','jCop','[{"added": {}}]',20,1,1);
INSERT INTO django_admin_log VALUES(838,'2023-04-24 12:39:53.209919','8','jcop','[{"changed": {"fields": ["User name"]}}]',20,1,2);
INSERT INTO django_admin_log VALUES(839,'2023-04-24 12:40:14.522449','9','dbeck','[{"added": {}}]',20,1,1);
INSERT INTO django_admin_log VALUES(840,'2023-04-24 12:40:27.648639','9','dbeck','[{"changed": {"fields": ["Status"]}}]',20,1,2);
INSERT INTO django_admin_log VALUES(841,'2023-04-24 12:40:35.304891','8','jcop','[{"changed": {"fields": ["Status"]}}]',20,1,2);
INSERT INTO django_admin_log VALUES(842,'2023-04-24 12:40:44.711143','5','bclarke','',20,1,3);
INSERT INTO django_admin_log VALUES(843,'2023-04-24 13:23:57.613234','13','EN697c_Johns','[{"changed": {"fields": ["Status"]}}]',32,1,2);
INSERT INTO django_admin_log VALUES(844,'2023-04-24 13:24:10.113233','14','EN699_Taylor','[{"changed": {"fields": ["Status"]}}]',32,1,2);
INSERT INTO django_admin_log VALUES(845,'2023-04-24 13:24:20.144511','15','EN700_Phillips','[{"changed": {"fields": ["Status"]}}]',32,1,2);
INSERT INTO django_admin_log VALUES(846,'2023-04-24 13:25:54.253889','450','2023-03-24 09:11:06','',9,1,3);
INSERT INTO django_admin_log VALUES(847,'2023-04-25 12:01:56.334410','17','Boneyard-007','[{"added": {}}]',30,1,1);
INSERT INTO django_admin_log VALUES(848,'2023-04-25 12:02:47.334410','18','Boneyard-005','[{"added": {}}]',30,1,1);
INSERT INTO django_admin_log VALUES(849,'2023-04-25 12:03:47.968983','19','Boneyard-002','[{"added": {}}]',30,1,1);
INSERT INTO django_admin_log VALUES(850,'2023-04-25 12:04:31.484609','20','Boneyard-012','[{"added": {}}]',30,1,1);
INSERT INTO django_admin_log VALUES(851,'2023-04-25 12:18:31.450811','21','Boneyard-012','[{"added": {}}]',30,1,1);
INSERT INTO django_admin_log VALUES(852,'2023-04-25 12:19:32.291559','3','NSF-17-C178','[]',21,1,2);
INSERT INTO django_admin_log VALUES(853,'2023-04-25 12:26:48.455951','18','006','[{"added": {}}]',12,1,1);
INSERT INTO django_admin_log VALUES(854,'2023-04-25 12:27:22.190378','22','Winch 1-006','[{"added": {}}]',30,1,1);
INSERT INTO django_admin_log VALUES(855,'2023-04-25 12:28:01.330991','5','006','[{"changed": {"fields": ["Drum"]}}]',22,1,2);
INSERT INTO django_admin_log VALUES(856,'2023-05-04 14:49:49.338708','36','2023-05-04','',10,1,3);
INSERT INTO django_admin_log VALUES(857,'2023-06-14 12:33:13.959912','23','2023-06-13','[{"added": {}}]',31,1,1);
INSERT INTO django_admin_log VALUES(858,'2023-07-24 16:02:17.755743','575','2023-07-17 15:17:30','',9,1,3);
INSERT INTO django_admin_log VALUES(859,'2023-09-01 17:26:00.149099','11','scoles','[{"changed": {"fields": ["User name"]}}]',20,1,2);
INSERT INTO django_admin_log VALUES(860,'2023-09-05 13:23:47.388195','593','2023-08-01 12:42:57','',9,1,3);
INSERT INTO django_admin_log VALUES(861,'2023-09-05 13:45:50.235670','600','2023-08-09 20:45:00','',9,1,3);
INSERT INTO django_admin_log VALUES(862,'2023-09-05 16:31:29.353040','609','2023-08-11 06:08:00','[{"changed": {"fields": ["Notes"]}}]',9,1,2);
INSERT INTO django_admin_log VALUES(863,'2023-09-05 17:30:56.497838','627','2023-08-11 09:22:00','[{"changed": {"fields": ["Start date and time"]}}]',9,1,2);
INSERT INTO django_admin_log VALUES(864,'2023-09-05 18:33:54.742566','633','2023-08-19 20:16:00','[{"changed": {"fields": ["Notes"]}}]',9,1,2);
INSERT INTO django_admin_log VALUES(865,'2023-09-05 18:55:25.091780','641','2023-08-21 05:01:00','[{"changed": {"fields": ["End operator", "Start date and time"]}}]',9,1,2);
INSERT INTO django_admin_log VALUES(866,'2023-09-15 15:52:56.487792','645','2023-09-01 15:51:47','',9,2,3);
INSERT INTO django_admin_log VALUES(867,'2023-09-18 11:07:56.285333','644','2023-09-01 15:50:31','',9,1,3);
INSERT INTO django_admin_log VALUES(868,'2023-09-18 13:04:02.206972','24','2023-09-14','[{"added": {}}]',31,1,1);
INSERT INTO django_admin_log VALUES(869,'2023-09-19 14:27:29.562433','655','2023-09-01 12:13:02','',9,1,3);
INSERT INTO django_admin_log VALUES(870,'2023-09-19 15:02:04.191726','14','OTH-046','[{"changed": {"fields": ["Notes"]}}]',21,1,2);
INSERT INTO django_admin_log VALUES(871,'2023-09-19 15:02:49.488632','16','NSF-13-C167a','[{"changed": {"fields": ["Notes", "Status"]}}]',21,1,2);
INSERT INTO django_admin_log VALUES(872,'2023-09-19 15:05:32.312278','6','NSF-09-C149','[{"changed": {"fields": ["Notes"]}}]',21,1,2);
INSERT INTO django_admin_log VALUES(873,'2023-09-19 15:35:49.660365','1','in use','[{"added": {}}]',33,1,1);
INSERT INTO django_admin_log VALUES(874,'2023-09-19 15:35:57.441645','2','in storage','[{"added": {}}]',33,1,1);
INSERT INTO django_admin_log VALUES(875,'2023-09-19 15:36:22.379167','3','disposed','[{"added": {}}]',33,1,1);
INSERT INTO django_admin_log VALUES(876,'2023-09-19 15:36:48.004116','16','NSF-13-C167a','[{"changed": {"fields": ["Ownership status"]}}]',21,1,2);
INSERT INTO django_admin_log VALUES(877,'2023-09-19 15:36:58.597868','14','OTH-046','[{"changed": {"fields": ["Ownership status"]}}]',21,1,2);
INSERT INTO django_admin_log VALUES(878,'2023-09-19 15:37:27.004116','6','NSF-09-C149','[{"changed": {"fields": ["Ownership status"]}}]',21,1,2);
INSERT INTO django_admin_log VALUES(879,'2023-09-19 15:39:03.506764','12','NSF-93-H15b','[{"changed": {"fields": ["Notes", "Ownership status"]}}]',21,1,2);
INSERT INTO django_admin_log VALUES(880,'2023-09-19 15:39:40.022440','7','NSF-93-H15c','[{"changed": {"fields": ["Notes"]}}]',21,1,2);
INSERT INTO django_admin_log VALUES(881,'2023-09-19 15:40:20.569266','13','NSF-07-T36','[{"changed": {"fields": ["Ownership status"]}}]',21,1,2);
INSERT INTO django_admin_log VALUES(882,'2023-09-19 15:40:42.553721','8','NSF-93-H15a','[{"changed": {"fields": ["Ownership status"]}}]',21,1,2);
INSERT INTO django_admin_log VALUES(883,'2023-09-19 15:55:35.538554','23','Disposed-011','[{"added": {}}]',30,1,1);
INSERT INTO django_admin_log VALUES(884,'2023-09-19 15:56:34.948153','23','Disposed-011','[{"changed": {"fields": ["Notes"]}}]',30,1,2);
INSERT INTO django_admin_log VALUES(885,'2023-09-19 15:57:05.885602','19','016','[{"added": {}}]',12,1,1);
INSERT INTO django_admin_log VALUES(886,'2023-09-19 15:58:26.198103','12','016','[{"added": {}}]',22,1,1);
INSERT INTO django_admin_log VALUES(887,'2023-09-19 15:58:47.604353','24','Disposed-016','[{"added": {}}]',30,1,1);
INSERT INTO django_admin_log VALUES(888,'2023-09-19 15:59:53.623083','25','Disposed-010','[{"added": {}}]',30,1,1);
INSERT INTO django_admin_log VALUES(889,'2023-09-19 16:00:22.060583','26','Disposed-014','[{"added": {}}]',30,1,1);
INSERT INTO django_admin_log VALUES(890,'2023-09-19 16:00:42.498132','27','Disposed-008','[{"added": {}}]',30,1,1);
INSERT INTO django_admin_log VALUES(891,'2023-09-19 16:00:51.966833','27','Disposed-008','[{"changed": {"fields": ["Notes"]}}]',30,1,2);
INSERT INTO django_admin_log VALUES(892,'2023-09-19 16:01:19.498135','28','Disposed-009','[{"added": {}}]',30,1,1);
INSERT INTO django_admin_log VALUES(893,'2023-09-19 16:01:35.263709','29','Disposed-001','[{"added": {}}]',30,1,1);
INSERT INTO django_admin_log VALUES(894,'2023-09-19 17:36:17.642628','26','Disposed-014','',30,1,3);
INSERT INTO django_admin_log VALUES(895,'2023-09-26 13:02:39.850084','25','2023-09-20','[{"added": {}}]',31,1,1);
INSERT INTO django_admin_log VALUES(896,'2023-10-03 13:51:55.165687','730','2023-09-01 13:50:38','',9,1,3);
INSERT INTO django_admin_log VALUES(897,'2023-10-04 13:51:39.402658','734','2023-07-01 13:26:53','',9,1,3);
INSERT INTO django_admin_log VALUES(898,'2023-10-04 13:51:39.402658','733','2023-09-01 12:31:09','',9,1,3);
INSERT INTO django_admin_log VALUES(899,'2023-10-04 13:51:39.549808','732','2023-08-01 12:30:26','',9,1,3);
INSERT INTO django_admin_log VALUES(900,'2023-10-04 13:51:39.565433','731','2023-09-01 12:28:55','',9,1,3);
INSERT INTO django_admin_log VALUES(901,'2023-10-05 14:45:04.630482','735','2023-10-05 14:37:16','',9,1,3);
INSERT INTO django_admin_log VALUES(902,'2023-10-05 15:57:43.197514','736','2023-10-05 15:56:01','',9,1,3);
INSERT INTO django_admin_log VALUES(903,'2023-10-12 16:25:03.536005','739','2023-10-04 14:46:11','',9,1,3);
INSERT INTO django_admin_log VALUES(904,'2023-10-12 17:50:51.697577','1','431','[{"added": {}}]',34,1,1);
INSERT INTO django_admin_log VALUES(905,'2023-10-12 17:50:57.553588','2','412','[{"added": {}}]',34,1,1);
INSERT INTO django_admin_log VALUES(906,'2023-10-12 18:37:09.248433','744','2023-10-12 16:50:58','',9,1,3);
INSERT INTO django_admin_log VALUES(907,'2023-10-12 18:37:09.264057','743','2023-10-12 16:46:55','',9,1,3);
INSERT INTO django_admin_log VALUES(908,'2023-10-12 18:37:09.348773','742','2023-10-12 16:41:47','',9,1,3);
INSERT INTO django_admin_log VALUES(909,'2023-10-12 18:37:09.364366','741','2023-08-16 16:37:53','',9,1,3);
INSERT INTO django_admin_log VALUES(910,'2023-10-12 18:37:09.433435','740','2023-09-03 16:33:18','',9,1,3);
INSERT INTO django_admin_log VALUES(911,'2023-10-12 18:37:09.433435','738','2023-08-01 14:44:48','',9,1,3);
INSERT INTO django_admin_log VALUES(912,'2023-10-12 18:37:09.495959','737','2023-08-01 07:39:43','',9,1,3);
INSERT INTO django_admin_log VALUES(913,'2023-12-18 14:22:33.836902','49','2023-12-11','',10,1,3);
INSERT INTO django_admin_log VALUES(914,'2023-12-18 14:22:33.859547','48','2023-12-12','',10,1,3);
INSERT INTO django_admin_log VALUES(915,'2023-12-18 14:22:33.937786','47','2023-12-11','',10,1,3);
INSERT INTO django_admin_log VALUES(916,'2023-12-18 14:22:34.015934','46','2023-12-12','',10,1,3);
INSERT INTO django_admin_log VALUES(917,'2023-12-18 14:22:34.094054','45','2023-12-12','',10,1,3);
INSERT INTO django_admin_log VALUES(918,'2023-12-18 14:22:34.156497','44','2023-12-05','',10,1,3);
INSERT INTO django_admin_log VALUES(919,'2023-12-18 14:22:34.238080','43','2023-12-05','',10,1,3);
INSERT INTO django_admin_log VALUES(920,'2023-12-18 14:22:34.238080','42','2023-12-05','',10,1,3);
INSERT INTO django_admin_log VALUES(921,'2023-12-18 14:22:34.312889','41','2023-12-15','',10,1,3);
INSERT INTO django_admin_log VALUES(922,'2024-01-30 08:18:23.419576','3','CTD 24pl 10l','[{"changed": {"fields": ["Equipment"]}}]',11,1,2);
INSERT INTO django_admin_log VALUES(923,'2024-01-30 08:18:30.503109','2','CTD 12pl 10l','[{"changed": {"fields": ["Equipment"]}}]',11,1,2);
INSERT INTO django_admin_log VALUES(924,'2024-01-30 08:18:37.147920','1','CTD 24pl 30l','[{"changed": {"fields": ["Equipment"]}}]',11,1,2);
INSERT INTO django_admin_log VALUES(925,'2024-01-30 08:18:55.381702','5','MOCNESS','[{"changed": {"fields": ["Name", "Equipment"]}}]',11,1,2);
INSERT INTO django_admin_log VALUES(926,'2024-01-30 08:19:50.210950','22','mooring - SALP','[{"changed": {"fields": ["Name"]}}]',11,1,2);
INSERT INTO django_admin_log VALUES(927,'2024-01-30 08:20:00.752629','23','mooring - ADCP','[{"changed": {"fields": ["Name"]}}]',11,1,2);
INSERT INTO django_admin_log VALUES(928,'2024-01-30 08:20:12.664178','21','Net tow - Sosik','[{"changed": {"fields": ["Name"]}}]',11,1,2);
INSERT INTO django_admin_log VALUES(929,'2024-01-30 08:20:49.000326','20','Net tow - bongos CTD phyto net','[{"changed": {"fields": ["Name"]}}]',11,1,2);
INSERT INTO django_admin_log VALUES(930,'2024-01-30 08:21:02.232051','22','Mooring - SALP','[{"changed": {"fields": ["Name"]}}]',11,1,2);
INSERT INTO django_admin_log VALUES(931,'2024-01-30 08:21:07.472647','23','Mooring - ADCP','[{"changed": {"fields": ["Name"]}}]',11,1,2);
INSERT INTO django_admin_log VALUES(932,'2024-01-30 08:21:20.500389','18','CTD trace metal','[{"changed": {"fields": ["Name"]}}]',11,1,2);
INSERT INTO django_admin_log VALUES(933,'2024-01-30 08:21:36.783839','14','Net tow - 1m','[{"changed": {"fields": ["Name"]}}]',11,1,2);
INSERT INTO django_admin_log VALUES(934,'2024-01-30 08:27:31.905999','7','CTD - NOAA supplied with 12, 10L bottles','[{"changed": {"fields": ["Name"]}}]',11,1,2);
INSERT INTO django_admin_log VALUES(935,'2024-01-30 08:27:52.410441','6','Net tow - Bongo net w/ sm phyto net','[{"changed": {"fields": ["Name"]}}]',11,1,2);
INSERT INTO django_admin_log VALUES(936,'2024-01-30 08:29:14.283012','21','Net tow - Sosik','[]',11,1,2);
INSERT INTO django_admin_log VALUES(937,'2024-03-07 10:50:19.960781','1','Poured Socket','[{"added": {}}]',35,1,1);
INSERT INTO django_admin_log VALUES(938,'2024-03-07 10:50:25.477008','2','cable grip','[{"added": {}}]',35,1,1);
INSERT INTO django_admin_log VALUES(939,'2024-03-07 10:50:34.104447','1','poured socket','[{"changed": {"fields": ["Termination Type"]}}]',35,1,2);
INSERT INTO django_admin_log VALUES(940,'2024-03-07 10:50:37.361964','2','cable grip','[]',35,1,2);
INSERT INTO django_admin_log VALUES(941,'2024-03-07 10:50:42.742087','3','nico press','[{"added": {}}]',35,1,1);
INSERT INTO django_admin_log VALUES(942,'2024-03-07 10:50:51.199652','4','evergrip','[{"added": {}}]',35,1,1);
INSERT INTO django_admin_log VALUES(943,'2024-03-07 10:52:26.660601','40','2023-08-28','[{"changed": {"fields": ["Termination Type"]}}]',10,1,2);
INSERT INTO django_admin_log VALUES(944,'2024-03-07 10:52:36.066135','39','2023-08-28','[{"changed": {"fields": ["Termination Type"]}}]',10,1,2);
INSERT INTO django_admin_log VALUES(945,'2024-03-07 10:52:44.205725','38','2023-08-03','[{"changed": {"fields": ["Termination Type"]}}]',10,1,2);
INSERT INTO django_admin_log VALUES(946,'2024-03-07 10:52:53.912599','37','2023-07-22','[{"changed": {"fields": ["Termination Type"]}}]',10,1,2);
INSERT INTO django_admin_log VALUES(947,'2024-03-07 10:53:01.993395','35','2023-05-01','[{"changed": {"fields": ["Termination Type"]}}]',10,1,2);
INSERT INTO django_admin_log VALUES(948,'2024-03-07 10:53:11.086168','34','2023-03-23','[{"changed": {"fields": ["Termination Type"]}}]',10,1,2);
INSERT INTO django_admin_log VALUES(949,'2024-03-07 10:53:21.772513','33','2023-01-25','[{"changed": {"fields": ["Termination Type"]}}]',10,1,2);
INSERT INTO django_admin_log VALUES(950,'2024-03-07 10:53:29.348347','32','2023-01-19','[{"changed": {"fields": ["Termination Type"]}}]',10,1,2);
INSERT INTO django_admin_log VALUES(951,'2024-03-07 10:53:37.615247','31','2022-12-30','[{"changed": {"fields": ["Termination Type"]}}]',10,1,2);
INSERT INTO django_admin_log VALUES(952,'2024-03-07 10:53:46.559522','18','2022-07-30','[{"changed": {"fields": ["Termination Type"]}}]',10,1,2);
INSERT INTO django_admin_log VALUES(953,'2024-03-07 10:53:56.692842','17','2022-07-21','[{"changed": {"fields": ["Termination Type"]}}]',10,1,2);
INSERT INTO django_admin_log VALUES(954,'2024-03-07 10:54:06.806698','16','2022-07-11','[{"changed": {"fields": ["Termination Type"]}}]',10,1,2);
INSERT INTO django_admin_log VALUES(955,'2024-03-07 10:54:23.931858','3','2022-06-28','[{"changed": {"fields": ["Termination Type"]}}]',10,1,2);
INSERT INTO django_admin_log VALUES(956,'2024-03-07 10:54:48.423144','5','none','[{"added": {}}]',35,1,1);
INSERT INTO django_admin_log VALUES(957,'2024-03-07 10:55:30.940412','33','2023-01-25','[{"changed": {"fields": ["Termination Type"]}}]',10,1,2);
INSERT INTO django_admin_log VALUES(958,'2024-03-07 10:55:47.180278','32','2023-01-19','[{"changed": {"fields": ["Termination Type"]}}]',10,1,2);
INSERT INTO django_admin_log VALUES(959,'2024-03-07 10:56:13.686550','2','2022-05-02','[{"changed": {"fields": ["Termination Type"]}}]',10,1,2);
INSERT INTO django_admin_log VALUES(960,'2024-03-07 10:56:25.277414','1','2022-06-21','[{"changed": {"fields": ["Termination Type"]}}]',10,1,2);
INSERT INTO django_admin_log VALUES(961,'2024-03-07 10:56:37.260972','15','2022-06-30','[{"changed": {"fields": ["Termination Type"]}}]',10,1,2);
INSERT INTO django_admin_log VALUES(962,'2024-03-07 10:56:50.676842','14','2022-03-18','[{"changed": {"fields": ["Termination Type"]}}]',10,1,2);
INSERT INTO django_admin_log VALUES(963,'2024-03-07 10:56:59.999023','12','2022-06-30','[{"changed": {"fields": ["Termination Type"]}}]',10,1,2);
INSERT INTO django_admin_log VALUES(964,'2024-03-07 10:57:09.680777','11','2022-06-30','[{"changed": {"fields": ["Termination Type"]}}]',10,1,2);
INSERT INTO django_admin_log VALUES(965,'2024-03-07 10:57:21.333205','10','2022-06-30','[{"changed": {"fields": ["Termination Type"]}}]',10,1,2);
INSERT INTO django_admin_log VALUES(966,'2024-03-07 10:57:30.907368','8','2022-06-30','[{"changed": {"fields": ["Termination Type"]}}]',10,1,2);
INSERT INTO django_admin_log VALUES(967,'2024-03-07 10:57:43.396719','5','2022-06-30','[{"changed": {"fields": ["Termination Type"]}}]',10,1,2);
INSERT INTO django_admin_log VALUES(968,'2024-03-07 10:57:52.109318','4','2022-06-30','[{"changed": {"fields": ["Termination Type"]}}]',10,1,2);
CREATE TABLE IF NOT EXISTS "django_content_type" ("id" integer NOT NULL PRIMARY KEY AUTOINCREMENT, "app_label" varchar(100) NOT NULL, "model" varchar(100) NOT NULL);
INSERT INTO django_content_type VALUES(1,'admin','logentry');
INSERT INTO django_content_type VALUES(2,'auth','permission');
INSERT INTO django_content_type VALUES(3,'auth','group');
INSERT INTO django_content_type VALUES(4,'auth','user');
INSERT INTO django_content_type VALUES(5,'contenttypes','contenttype');
INSERT INTO django_content_type VALUES(6,'sessions','session');
INSERT INTO django_content_type VALUES(7,'wwdb','calibration');
INSERT INTO django_content_type VALUES(8,'wwdb','calibrationsmetadata');
INSERT INTO django_content_type VALUES(9,'wwdb','cast');
INSERT INTO django_content_type VALUES(10,'wwdb','cutbackretermination');
INSERT INTO django_content_type VALUES(11,'wwdb','deploymenttype');
INSERT INTO django_content_type VALUES(12,'wwdb','drum');
INSERT INTO django_content_type VALUES(13,'wwdb','dynomometer');
INSERT INTO django_content_type VALUES(14,'wwdb','frame');
INSERT INTO django_content_type VALUES(15,'wwdb','location');
INSERT INTO django_content_type VALUES(16,'wwdb','lubrication');
INSERT INTO django_content_type VALUES(17,'wwdb','safeworkinglimit');
INSERT INTO django_content_type VALUES(18,'wwdb','termination');
INSERT INTO django_content_type VALUES(19,'wwdb','winch');
INSERT INTO django_content_type VALUES(20,'wwdb','winchoperator');
INSERT INTO django_content_type VALUES(21,'wwdb','wire');
INSERT INTO django_content_type VALUES(22,'wwdb','wiredrum');
INSERT INTO django_content_type VALUES(23,'wwdb','wiretermination');
INSERT INTO django_content_type VALUES(24,'wwdb','wireropedata');
INSERT INTO django_content_type VALUES(25,'wwdb','calibrationmeta');
INSERT INTO django_content_type VALUES(26,'wwdb','geeksmodel');
INSERT INTO django_content_type VALUES(27,'wwdb','cast2');
INSERT INTO django_content_type VALUES(28,'wwdb','winchdrum');
INSERT INTO django_content_type VALUES(29,'wwdb','factorofsafety');
INSERT INTO django_content_type VALUES(30,'wwdb','drumlocation');
INSERT INTO django_content_type VALUES(31,'wwdb','breaktest');
INSERT INTO django_content_type VALUES(32,'wwdb','cruise');
INSERT INTO django_content_type VALUES(33,'wwdb','ownershipstatus');
INSERT INTO django_content_type VALUES(34,'wwdb','motor');
INSERT INTO django_content_type VALUES(35,'wwdb','terminationtype');
CREATE TABLE IF NOT EXISTS "auth_permission" ("id" integer NOT NULL PRIMARY KEY AUTOINCREMENT, "content_type_id" integer NOT NULL REFERENCES "django_content_type" ("id") DEFERRABLE INITIALLY DEFERRED, "codename" varchar(100) NOT NULL, "name" varchar(255) NOT NULL);
INSERT INTO auth_permission VALUES(1,1,'add_logentry','Can add log entry');
INSERT INTO auth_permission VALUES(2,1,'change_logentry','Can change log entry');
INSERT INTO auth_permission VALUES(3,1,'delete_logentry','Can delete log entry');
INSERT INTO auth_permission VALUES(4,1,'view_logentry','Can view log entry');
INSERT INTO auth_permission VALUES(5,2,'add_permission','Can add permission');
INSERT INTO auth_permission VALUES(6,2,'change_permission','Can change permission');
INSERT INTO auth_permission VALUES(7,2,'delete_permission','Can delete permission');
INSERT INTO auth_permission VALUES(8,2,'view_permission','Can view permission');
INSERT INTO auth_permission VALUES(9,3,'add_group','Can add group');
INSERT INTO auth_permission VALUES(10,3,'change_group','Can change group');
INSERT INTO auth_permission VALUES(11,3,'delete_group','Can delete group');
INSERT INTO auth_permission VALUES(12,3,'view_group','Can view group');
INSERT INTO auth_permission VALUES(13,4,'add_user','Can add user');
INSERT INTO auth_permission VALUES(14,4,'change_user','Can change user');
INSERT INTO auth_permission VALUES(15,4,'delete_user','Can delete user');
INSERT INTO auth_permission VALUES(16,4,'view_user','Can view user');
INSERT INTO auth_permission VALUES(17,5,'add_contenttype','Can add content type');
INSERT INTO auth_permission VALUES(18,5,'change_contenttype','Can change content type');
INSERT INTO auth_permission VALUES(19,5,'delete_contenttype','Can delete content type');
INSERT INTO auth_permission VALUES(20,5,'view_contenttype','Can view content type');
INSERT INTO auth_permission VALUES(21,6,'add_session','Can add session');
INSERT INTO auth_permission VALUES(22,6,'change_session','Can change session');
INSERT INTO auth_permission VALUES(23,6,'delete_session','Can delete session');
INSERT INTO auth_permission VALUES(24,6,'view_session','Can view session');
INSERT INTO auth_permission VALUES(25,7,'add_calibration','Can add calibration');
INSERT INTO auth_permission VALUES(26,7,'change_calibration','Can change calibration');
INSERT INTO auth_permission VALUES(27,7,'delete_calibration','Can delete calibration');
INSERT INTO auth_permission VALUES(28,7,'view_calibration','Can view calibration');
INSERT INTO auth_permission VALUES(29,8,'add_calibrationsmetadata','Can add calibrationsmetadata');
INSERT INTO auth_permission VALUES(30,8,'change_calibrationsmetadata','Can change calibrationsmetadata');
INSERT INTO auth_permission VALUES(31,8,'delete_calibrationsmetadata','Can delete calibrationsmetadata');
INSERT INTO auth_permission VALUES(32,8,'view_calibrationsmetadata','Can view calibrationsmetadata');
INSERT INTO auth_permission VALUES(33,9,'add_cast','Can add cast');
INSERT INTO auth_permission VALUES(34,9,'change_cast','Can change cast');
INSERT INTO auth_permission VALUES(35,9,'delete_cast','Can delete cast');
INSERT INTO auth_permission VALUES(36,9,'view_cast','Can view cast');
INSERT INTO auth_permission VALUES(37,10,'add_cutbacksretermination','Can add cutbacksretermination');
INSERT INTO auth_permission VALUES(38,10,'change_cutbacksretermination','Can change cutbacksretermination');
INSERT INTO auth_permission VALUES(39,10,'delete_cutbacksretermination','Can delete cutbacksretermination');
INSERT INTO auth_permission VALUES(40,10,'view_cutbacksretermination','Can view cutbacksretermination');
INSERT INTO auth_permission VALUES(41,11,'add_deploymenttype','Can add deploymenttype');
INSERT INTO auth_permission VALUES(42,11,'change_deploymenttype','Can change deploymenttype');
INSERT INTO auth_permission VALUES(43,11,'delete_deploymenttype','Can delete deploymenttype');
INSERT INTO auth_permission VALUES(44,11,'view_deploymenttype','Can view deploymenttype');
INSERT INTO auth_permission VALUES(45,12,'add_drum','Can add drum');
INSERT INTO auth_permission VALUES(46,12,'change_drum','Can change drum');
INSERT INTO auth_permission VALUES(47,12,'delete_drum','Can delete drum');
INSERT INTO auth_permission VALUES(48,12,'view_drum','Can view drum');
INSERT INTO auth_permission VALUES(49,13,'add_dynomometer','Can add dynomometer');
INSERT INTO auth_permission VALUES(50,13,'change_dynomometer','Can change dynomometer');
INSERT INTO auth_permission VALUES(51,13,'delete_dynomometer','Can delete dynomometer');
INSERT INTO auth_permission VALUES(52,13,'view_dynomometer','Can view dynomometer');
INSERT INTO auth_permission VALUES(53,14,'add_frame','Can add frame');
INSERT INTO auth_permission VALUES(54,14,'change_frame','Can change frame');
INSERT INTO auth_permission VALUES(55,14,'delete_frame','Can delete frame');
INSERT INTO auth_permission VALUES(56,14,'view_frame','Can view frame');
INSERT INTO auth_permission VALUES(57,15,'add_location','Can add location');
INSERT INTO auth_permission VALUES(58,15,'change_location','Can change location');
INSERT INTO auth_permission VALUES(59,15,'delete_location','Can delete location');
INSERT INTO auth_permission VALUES(60,15,'view_location','Can view location');
INSERT INTO auth_permission VALUES(61,16,'add_lubrication','Can add lubrication');
INSERT INTO auth_permission VALUES(62,16,'change_lubrication','Can change lubrication');
INSERT INTO auth_permission VALUES(63,16,'delete_lubrication','Can delete lubrication');
INSERT INTO auth_permission VALUES(64,16,'view_lubrication','Can view lubrication');
INSERT INTO auth_permission VALUES(65,17,'add_safeworkinglimit','Can add safeworkinglimit');
INSERT INTO auth_permission VALUES(66,17,'change_safeworkinglimit','Can change safeworkinglimit');
INSERT INTO auth_permission VALUES(67,17,'delete_safeworkinglimit','Can delete safeworkinglimit');
INSERT INTO auth_permission VALUES(68,17,'view_safeworkinglimit','Can view safeworkinglimit');
INSERT INTO auth_permission VALUES(69,18,'add_termination','Can add termination');
INSERT INTO auth_permission VALUES(70,18,'change_termination','Can change termination');
INSERT INTO auth_permission VALUES(71,18,'delete_termination','Can delete termination');
INSERT INTO auth_permission VALUES(72,18,'view_termination','Can view termination');
INSERT INTO auth_permission VALUES(73,19,'add_winch','Can add winch');
INSERT INTO auth_permission VALUES(74,19,'change_winch','Can change winch');
INSERT INTO auth_permission VALUES(75,19,'delete_winch','Can delete winch');
INSERT INTO auth_permission VALUES(76,19,'view_winch','Can view winch');
INSERT INTO auth_permission VALUES(77,20,'add_winchoperator','Can add winchoperator');
INSERT INTO auth_permission VALUES(78,20,'change_winchoperator','Can change winchoperator');
INSERT INTO auth_permission VALUES(79,20,'delete_winchoperator','Can delete winchoperator');
INSERT INTO auth_permission VALUES(80,20,'view_winchoperator','Can view winchoperator');
INSERT INTO auth_permission VALUES(81,21,'add_wire','Can add wire');
INSERT INTO auth_permission VALUES(82,21,'change_wire','Can change wire');
INSERT INTO auth_permission VALUES(83,21,'delete_wire','Can delete wire');
INSERT INTO auth_permission VALUES(84,21,'view_wire','Can view wire');
INSERT INTO auth_permission VALUES(85,22,'add_wiredrum','Can add wiredrum');
INSERT INTO auth_permission VALUES(86,22,'change_wiredrum','Can change wiredrum');
INSERT INTO auth_permission VALUES(87,22,'delete_wiredrum','Can delete wiredrum');
INSERT INTO auth_permission VALUES(88,22,'view_wiredrum','Can view wiredrum');
INSERT INTO auth_permission VALUES(89,23,'add_wiretermination','Can add wiretermination');
INSERT INTO auth_permission VALUES(90,23,'change_wiretermination','Can change wiretermination');
INSERT INTO auth_permission VALUES(91,23,'delete_wiretermination','Can delete wiretermination');
INSERT INTO auth_permission VALUES(92,23,'view_wiretermination','Can view wiretermination');
INSERT INTO auth_permission VALUES(93,24,'add_wireropedata','Can add wire rope data');
INSERT INTO auth_permission VALUES(94,24,'change_wireropedata','Can change wire rope data');
INSERT INTO auth_permission VALUES(95,24,'delete_wireropedata','Can delete wire rope data');
INSERT INTO auth_permission VALUES(96,24,'view_wireropedata','Can view wire rope data');
INSERT INTO auth_permission VALUES(97,25,'add_calibrationmeta','Can add calibration meta');
INSERT INTO auth_permission VALUES(98,25,'change_calibrationmeta','Can change calibration meta');
INSERT INTO auth_permission VALUES(99,25,'delete_calibrationmeta','Can delete calibration meta');
INSERT INTO auth_permission VALUES(100,25,'view_calibrationmeta','Can view calibration meta');
INSERT INTO auth_permission VALUES(101,26,'add_geeksmodel','Can add geeks model');
INSERT INTO auth_permission VALUES(102,26,'change_geeksmodel','Can change geeks model');
INSERT INTO auth_permission VALUES(103,26,'delete_geeksmodel','Can delete geeks model');
INSERT INTO auth_permission VALUES(104,26,'view_geeksmodel','Can view geeks model');
INSERT INTO auth_permission VALUES(105,27,'add_cast2','Can add cast2');
INSERT INTO auth_permission VALUES(106,27,'change_cast2','Can change cast2');
INSERT INTO auth_permission VALUES(107,27,'delete_cast2','Can delete cast2');
INSERT INTO auth_permission VALUES(108,27,'view_cast2','Can view cast2');
INSERT INTO auth_permission VALUES(109,10,'add_cutbackretermination','Can add cutbackretermination');
INSERT INTO auth_permission VALUES(110,10,'change_cutbackretermination','Can change cutbackretermination');
INSERT INTO auth_permission VALUES(111,10,'delete_cutbackretermination','Can delete cutbackretermination');
INSERT INTO auth_permission VALUES(112,10,'view_cutbackretermination','Can view cutbackretermination');
INSERT INTO auth_permission VALUES(113,28,'add_winchdrum','Can add winch drum');
INSERT INTO auth_permission VALUES(114,28,'change_winchdrum','Can change winch drum');
INSERT INTO auth_permission VALUES(115,28,'delete_winchdrum','Can delete winch drum');
INSERT INTO auth_permission VALUES(116,28,'view_winchdrum','Can view winch drum');
INSERT INTO auth_permission VALUES(117,29,'add_factorofsafety','Can add factor of safety');
INSERT INTO auth_permission VALUES(118,29,'change_factorofsafety','Can change factor of safety');
INSERT INTO auth_permission VALUES(119,29,'delete_factorofsafety','Can delete factor of safety');
INSERT INTO auth_permission VALUES(120,29,'view_factorofsafety','Can view factor of safety');
INSERT INTO auth_permission VALUES(121,30,'add_drumlocation','Can add drum location');
INSERT INTO auth_permission VALUES(122,30,'change_drumlocation','Can change drum location');
INSERT INTO auth_permission VALUES(123,30,'delete_drumlocation','Can delete drum location');
INSERT INTO auth_permission VALUES(124,30,'view_drumlocation','Can view drum location');
INSERT INTO auth_permission VALUES(125,31,'add_breaktest','Can add breaktest');
INSERT INTO auth_permission VALUES(126,31,'change_breaktest','Can change breaktest');
INSERT INTO auth_permission VALUES(127,31,'delete_breaktest','Can delete breaktest');
INSERT INTO auth_permission VALUES(128,31,'view_breaktest','Can view breaktest');
INSERT INTO auth_permission VALUES(129,32,'add_cruise','Can add cruise');
INSERT INTO auth_permission VALUES(130,32,'change_cruise','Can change cruise');
INSERT INTO auth_permission VALUES(131,32,'delete_cruise','Can delete cruise');
INSERT INTO auth_permission VALUES(132,32,'view_cruise','Can view cruise');
INSERT INTO auth_permission VALUES(133,33,'add_ownershipstatus','Can add ownership status');
INSERT INTO auth_permission VALUES(134,33,'change_ownershipstatus','Can change ownership status');
INSERT INTO auth_permission VALUES(135,33,'delete_ownershipstatus','Can delete ownership status');
INSERT INTO auth_permission VALUES(136,33,'view_ownershipstatus','Can view ownership status');
INSERT INTO auth_permission VALUES(137,34,'add_motor','Can add motor');
INSERT INTO auth_permission VALUES(138,34,'change_motor','Can change motor');
INSERT INTO auth_permission VALUES(139,34,'delete_motor','Can delete motor');
INSERT INTO auth_permission VALUES(140,34,'view_motor','Can view motor');
INSERT INTO auth_permission VALUES(141,35,'add_terminationtype','Can add termination type');
INSERT INTO auth_permission VALUES(142,35,'change_terminationtype','Can change termination type');
INSERT INTO auth_permission VALUES(143,35,'delete_terminationtype','Can delete termination type');
INSERT INTO auth_permission VALUES(144,35,'view_terminationtype','Can view termination type');
CREATE TABLE IF NOT EXISTS "auth_group" ("id" integer NOT NULL PRIMARY KEY AUTOINCREMENT, "name" varchar(150) NOT NULL UNIQUE);
CREATE TABLE IF NOT EXISTS "auth_user" ("id" integer NOT NULL PRIMARY KEY AUTOINCREMENT, "password" varchar(128) NOT NULL, "last_login" datetime NULL, "is_superuser" bool NOT NULL, "username" varchar(150) NOT NULL UNIQUE, "last_name" varchar(150) NOT NULL, "email" varchar(254) NOT NULL, "is_staff" bool NOT NULL, "is_active" bool NOT NULL, "date_joined" datetime NOT NULL, "first_name" varchar(150) NOT NULL);
INSERT INTO auth_user VALUES(1,'pbkdf2_sha256$390000$CSpv55ulV0sxVSVkuFJkJw$sXRW/Z91LCkzA8H6tQp/8VuMEL/ibdt8mEB42TKA+CI=','2024-03-05 08:09:21.102729',1,'admin','','admin@admin.com',1,1,'2022-07-29 15:28:00.456322','');
INSERT INTO auth_user VALUES(2,'pbkdf2_sha256$390000$KHTzpfqPjqXuc5wwq1LGzR$q05Tux3QSJ0s2ETsQVKqLdgrZ+HSIYeEE6wa2BRLzU0=','2023-09-15 15:52:35.354454',1,'bkclarke','','bonny_clarke@uri.edu',1,1,'2022-07-29 18:46:53.650252','');
INSERT INTO auth_user VALUES(3,'pbkdf2_sha256$320000$t6hYBAmJD1bvj8rS3sWBKf$i10FNdnGfJUhpR8iMxa0m402b+5aiY4+2XWETIjdwbM=','2022-08-12 09:40:39.602063',0,'winchoperator','','',0,1,'2022-08-12 09:40:31.716279','');
INSERT INTO auth_user VALUES(4,'pbkdf2_sha256$320000$llmwLnBSgPEuvZKEhHIh5n$zTO/xtclsN04PsZ8WaNVCI+VXUZ1wujOtn2+ymva8vA=',NULL,0,'egruebel','Gruebel','egruebel@uri.edu',1,1,'2022-09-20 22:23:41','Erich');
CREATE TABLE IF NOT EXISTS "django_session" ("session_key" varchar(40) NOT NULL PRIMARY KEY, "session_data" text NOT NULL, "expire_date" datetime NOT NULL);
INSERT INTO django_session VALUES('uqcfx5u06xpl36ujxy5c7ui7vmsoogg4','.eJxVjEEOwiAQRe_C2hCGDgy6dN8zNEMZpGpoUtqV8e7apAvd_vfef6mBt7UMW5NlmJK6KFCn3y3y-JC6g3Tnepv1ONd1maLeFX3Qpvs5yfN6uH8HhVv51oSS4GwoOCHEYJ3HbG1EyxDZQAfGeN_Z4HymHAEiEBNLFoOYQUi9P6vMNtE:1oHS6W:ZPTcJ4J6bSnsErzX2LukiF_kga2G93GIgkyzWhl1Xko','2022-08-12 15:40:44.460176');
INSERT INTO django_session VALUES('2u5wi3zn1m87392z1euzwfny9k6kut2g','.eJxVjEEOwiAQRe_C2hALAxSX7nsGMjCDVA0kpV0Z765NutDtf-_9lwi4rSVsnZcwk7gIJU6_W8T04LoDumO9NZlaXZc5yl2RB-1yasTP6-H-HRTs5VsDR1TWECNaDQBILrHNSWHE6BwpTQo8nTnnzMm4MQ9ktM7gB2M8juL9ARsQOPk:1oRJjr:YXNWImIs1DzbQGOPeOA83Gr056s3c7WfXotvtSwdMoM','2022-09-08 16:46:07.127138');
INSERT INTO django_session VALUES('zevyp2s16byz931u7929kkyum2qbvryx','.eJxVjEEOwiAQRe_C2hALAxSX7nsGMjCDVA0kpV0Z765NutDtf-_9lwi4rSVsnZcwk7gIJU6_W8T04LoDumO9NZlaXZc5yl2RB-1yasTP6-H-HRTs5VsDR1TWECNaDQBILrHNSWHE6BwpTQo8nTnnzMm4MQ9ktM7gB2M8juL9ARsQOPk:1oXiGy:hyRRJL6IHcz8vqjL0japS5jA-xoS7imJ9GDcmR51vy8','2022-09-26 08:10:44.903749');
INSERT INTO django_session VALUES('ppp0029mhpc8hwvo81wizhgzp5lzd0w9','.eJxVjEEOwiAQRe_C2hCGDgy6dN8zNEMZpGpoUtqV8e7apAvd_vfef6mBt7UMW5NlmJK6KFCn3y3y-JC6g3Tnepv1ONd1maLeFX3Qpvs5yfN6uH8HhVv51oSS4GwoOCHEYJ3HbG1EyxDZQAfGeN_Z4HymHAEiEBNLFoOYQUi9P6vMNtE:1oanAi:Cmoeb5zroHsR2wC65pBWhGBrIM9iWR9AFDBeJc93QBs','2022-10-04 20:01:00.006127');
INSERT INTO django_session VALUES('lkk2aamboglet19onbqe32yfqy8lhbff','.eJxVjEEOwiAQRe_C2hALAxSX7nsGMjCDVA0kpV0Z765NutDtf-_9lwi4rSVsnZcwk7gIJU6_W8T04LoDumO9NZlaXZc5yl2RB-1yasTP6-H-HRTs5VsDR1TWECNaDQBILrHNSWHE6BwpTQo8nTnnzMm4MQ9ktM7gB2M8juL9ARsQOPk:1oeL3I:LMmaGxE1Y4hjSbgtzQ27t3oK92-GymVTy8zWuZPGazo','2022-10-14 14:48:00.992376');
INSERT INTO django_session VALUES('9wtuwvduv52uu24q08izonnjvmcp9l2v','.eJxVjEEOwiAQRe_C2hALAxSX7nsGMjCDVA0kpV0Z765NutDtf-_9lwi4rSVsnZcwk7gIJU6_W8T04LoDumO9NZlaXZc5yl2RB-1yasTP6-H-HRTs5VsDR1TWECNaDQBILrHNSWHE6BwpTQo8nTnnzMm4MQ9ktM7gB2M8juL9ARsQOPk:1ovIET:1UETkdXAefjts_riHfwMcdfaqN_OohNycn_rpjUIoVY','2022-11-30 13:13:37.021337');
INSERT INTO django_session VALUES('b7butt19wxkhhyhwexrn3td15j0ie3wh','e30:1oxXVn:1TBbD1Wy_ESrANd6dfJqlC-kwxgU1HC2u-i-KeYcd3k','2022-12-06 17:56:47.882850');
INSERT INTO django_session VALUES('wzuyffjou3w45l3djpzuqn1u622xabry','e30:1oxXdU:VARsruSUBjGWJ5tZ7XDUxdlpN7THN8CmdpivcVMjIq0','2022-12-06 18:04:44.575704');
INSERT INTO django_session VALUES('snkn8opg5kic1hczx7kt01327a5j5y2q','e30:1oxY8I:fON9rbqw9GyrSse_NJxnpUTKw0P9O6xV6eEnUA5DPBQ','2022-12-06 18:36:34.306527');
INSERT INTO django_session VALUES('e88z8irbpsaarkjajgk4wkvo81u4lrli','e30:1oxYKg:QIaZP6GbQjoMMfTXWxx6TSIok7VBQ8CEh2Vp9looSvs','2022-12-06 18:49:22.099164');
INSERT INTO django_session VALUES('ezz3iyodzicmkwz0tdoqlhtze6y2u9qd','.eJxVjEEOwiAQRe_C2hALAxSX7nsGMjCDVA0kpV0Z765NutDtf-_9lwi4rSVsnZcwk7gIJU6_W8T04LoDumO9NZlaXZc5yl2RB-1yasTP6-H-HRTs5VsDR1TWECNaDQBILrHNSWHE6BwpTQo8nTnnzMm4MQ9ktM7gB2M8juL9ARsQOPk:1ozjQ2:CvpcxzKcn17Umnp-UiUjP3C0BxR_PQiqjhdrBR4T1Kc','2022-12-12 19:03:54.425037');
INSERT INTO django_session VALUES('r9sobmliiime6p0nptgcom1842rkky3k','e30:1p0p3m:CR9C1x4TKDM5qRZdvMeET-8o1vyq_I-3nHHhqls-CwY','2022-12-15 19:17:26.618580');
INSERT INTO django_session VALUES('su4owsgztp1a8o77wpok06nfe2or8a04','e30:1p0pQC:B-AVd49JG85k5OqSCn7Z-vmC9UjtAzV289OEgYsKP5Y','2022-12-15 19:40:36.982616');
INSERT INTO django_session VALUES('ez31k4s0bmor7all88bb39plw1zzvcyl','e30:1p0pWp:fvo18a8CnCY8zyfYL0i9LG-MXKUCNJnvMYtNVxR-4j4','2022-12-15 19:47:27.568069');
INSERT INTO django_session VALUES('tjd49ivcef8802tibpndg8ooatvxoj6j','.eJxVjMsOwiAURP-FtSG85Pa6dO83EOCCVA0kpV0Z_12adKHJrM6cmTdzfluL23pa3EzswhQ7_bLg4zPVvaCHr_fGY6vrMge-K_xoO781Sq_r4f4dFN_LWE_W-KQyapDCSDMCZECehcIAOhNKoEQIkwpBRBs12QGiJ8QBQ2afL7mzN5A:1p1A1M:GyoKJUyftfqURUWxWYxeOp2sXxB6aWrdxdyXfiXoptY','2022-12-16 17:40:20.411580');
INSERT INTO django_session VALUES('kiqj1b8r2ok7y9b8k8hgqafnmiu2ko3r','.eJxVjMsOwiAURP-FtSG85Pa6dO83EOCCVA0kpV0Z_12adKHJrM6cmTdzfluL23pa3EzswhQ7_bLg4zPVvaCHr_fGY6vrMge-K_xoO781Sq_r4f4dFN_LWE_W-KQyapDCSDMCZECehcIAOhNKoEQIkwpBRBs12QGiJ8QBQ2afL7mzN5A:1p2cco:1ePDwudWK25i2WSuGuuwR58jb81L23RTbftW_MxdNqo','2022-12-20 18:25:02.724487');
INSERT INTO django_session VALUES('zv3sd2diwgkc2qgd48sb8gqh4sxrzu6q','.eJxVjMsOwiAURP-FtSG85Pa6dO83EOCCVA0kpV0Z_12adKHJrM6cmTdzfluL23pa3EzswhQ7_bLg4zPVvaCHr_fGY6vrMge-K_xoO781Sq_r4f4dFN_LWE_W-KQyapDCSDMCZECehcIAOhNKoEQIkwpBRBs12QGiJ8QBQ2afL7mzN5A:1p2vqo:8FJyExGOvqnkaQ0kxDX8rn8BIMwfsjeuHRJBUVtSc9g','2022-12-21 14:56:46.611769');
INSERT INTO django_session VALUES('mcms6h9dhpn1e5usn14yfoavxtbs4vcb','.eJxVjMsOwiAURP-FtSG85Pa6dO83EOCCVA0kpV0Z_12adKHJrM6cmTdzfluL23pa3EzswhQ7_bLg4zPVvaCHr_fGY6vrMge-K_xoO781Sq_r4f4dFN_LWE_W-KQyapDCSDMCZECehcIAOhNKoEQIkwpBRBs12QGiJ8QBQ2afL7mzN5A:1p2yY5:YUVdoGwiQlbFa_cpv-bqn98t7LVjX4LQgO7ElUnn2J4','2022-12-21 17:49:37.686687');
INSERT INTO django_session VALUES('1nrjwqbxsu3erc3wnkzmqc8b4oxgnxc2','.eJxVjMsOwiAURP-FtSG85Pa6dO83EOCCVA0kpV0Z_12adKHJrM6cmTdzfluL23pa3EzswhQ7_bLg4zPVvaCHr_fGY6vrMge-K_xoO781Sq_r4f4dFN_LWE_W-KQyapDCSDMCZECehcIAOhNKoEQIkwpBRBs12QGiJ8QBQ2afL7mzN5A:1p2zyP:p8j3dyvAygs5wgSsW48kQPiyF7Q82D9oku2Fe-ZvLVs','2022-12-21 19:20:53.650428');
INSERT INTO django_session VALUES('13agkf0b616zkv65hgvqrzgpkjrkqu5m','.eJxVjMsOwiAURP-FtSG85Pa6dO83EOCCVA0kpV0Z_12adKHJrM6cmTdzfluL23pa3EzswhQ7_bLg4zPVvaCHr_fGY6vrMge-K_xoO781Sq_r4f4dFN_LWE_W-KQyapDCSDMCZECehcIAOhNKoEQIkwpBRBs12QGiJ8QBQ2afL7mzN5A:1p3KyA:747R6-L2L0xmuItLNQlX2w1kZCR_hQ7cHtt_5MDOtbk','2022-12-22 17:46:02.552972');
INSERT INTO django_session VALUES('83axs9etk7i4k9lv3y9l2q8gx8bhdlxn','.eJxVjMsOwiAURP-FtSG85Pa6dO83EOCCVA0kpV0Z_12adKHJrM6cmTdzfluL23pa3EzswhQ7_bLg4zPVvaCHr_fGY6vrMge-K_xoO781Sq_r4f4dFN_LWE_W-KQyapDCSDMCZECehcIAOhNKoEQIkwpBRBs12QGiJ8QBQ2afL7mzN5A:1p7MFb:9fWlMN5vZrDsAwDi0W9Rks_vAWuaog5ZOAPmxDyaZpw','2023-01-02 19:56:39.837496');
INSERT INTO django_session VALUES('rl52xv3ckku76emjnr3jzuatny7f6yza','.eJxVjMsOwiAURP-FtSG85Pa6dO83EOCCVA0kpV0Z_12adKHJrM6cmTdzfluL23pa3EzswhQ7_bLg4zPVvaCHr_fGY6vrMge-K_xoO781Sq_r4f4dFN_LWE_W-KQyapDCSDMCZECehcIAOhNKoEQIkwpBRBs12QGiJ8QBQ2afL7mzN5A:1p8MIl:ipfEmVIA3eK7QIwLplBpLUrw0aval3wBDvAdIcsggxM','2023-01-05 14:12:03.483758');
INSERT INTO django_session VALUES('2vs3lx2lwnqp5kicu5n46vzks1x7gnwl','.eJxVjMsOwiAURP-FtSG85Pa6dO83EOCCVA0kpV0Z_12adKHJrM6cmTdzfluL23pa3EzswhQ7_bLg4zPVvaCHr_fGY6vrMge-K_xoO781Sq_r4f4dFN_LWE_W-KQyapDCSDMCZECehcIAOhNKoEQIkwpBRBs12QGiJ8QBQ2afL7mzN5A:1p8PhH:rtWh1aYmLKMQDR8tEurqGtv_dmp-ws3yVjx_Xk34Zt8','2023-01-05 17:49:35.822088');
INSERT INTO django_session VALUES('wov6qy5lei5unyvnhiulpm32j4fwpbdc','.eJxVjMsOwiAURP-FtSG85Pa6dO83EOCCVA0kpV0Z_12adKHJrM6cmTdzfluL23pa3EzswhQ7_bLg4zPVvaCHr_fGY6vrMge-K_xoO781Sq_r4f4dFN_LWE_W-KQyapDCSDMCZECehcIAOhNKoEQIkwpBRBs12QGiJ8QBQ2afL7mzN5A:1p8Qpz:mRjVPk5zyFm0z5bkna1BqH3ZDhXfgluf0ju29TKo3Dk','2023-01-05 19:02:39.400866');
INSERT INTO django_session VALUES('hmhn8pgb4o1g8q314uc9ah52px4g2epo','.eJxVjMsOwiAURP-FtSG85Pa6dO83EOCCVA0kpV0Z_12adKHJrM6cmTdzfluL23pa3EzswhQ7_bLg4zPVvaCHr_fGY6vrMge-K_xoO781Sq_r4f4dFN_LWE_W-KQyapDCSDMCZECehcIAOhNKoEQIkwpBRBs12QGiJ8QBQ2afL7mzN5A:1pDOmz:U5bWGryh1hQZcLggaBX9BhVRYxnUBNzMiVhNVIp-LI0','2023-01-19 11:52:05.939664');
INSERT INTO django_session VALUES('3rz4if1ei22sv6l71lz1ucd92g6y176b','.eJxVjMsOwiAURP-FtSG85Pa6dO83EOCCVA0kpV0Z_12adKHJrM6cmTdzfluL23pa3EzswhQ7_bLg4zPVvaCHr_fGY6vrMge-K_xoO781Sq_r4f4dFN_LWE_W-KQyapDCSDMCZECehcIAOhNKoEQIkwpBRBs12QGiJ8QBQ2afL7mzN5A:1pGpXM:u3lZ9FmkWdW2hA9ca1Y0J0EvR4UUH4WKUHFxoy9O3A0','2023-01-28 23:02:08.996659');
INSERT INTO django_session VALUES('5oxio55o2nzuxh9occnte20cfao09kwh','.eJxVjMsOwiAURP-FtSG85Pa6dO83EOCCVA0kpV0Z_12adKHJrM6cmTdzfluL23pa3EzswhQ7_bLg4zPVvaCHr_fGY6vrMge-K_xoO781Sq_r4f4dFN_LWE_W-KQyapDCSDMCZECehcIAOhNKoEQIkwpBRBs12QGiJ8QBQ2afL7mzN5A:1pIvRd:dNWvXTcQDIbIX0XFmvqbENK0eoVzC2VSfAvgi-NKZJY','2023-02-03 17:44:53.923579');
INSERT INTO django_session VALUES('mfi6wh09oeing0bh5icsc7i8jqnq8i7z','.eJxVjMsOwiAURP-FtSG85Pa6dO83EOCCVA0kpV0Z_12adKHJrM6cmTdzfluL23pa3EzswhQ7_bLg4zPVvaCHr_fGY6vrMge-K_xoO781Sq_r4f4dFN_LWE_W-KQyapDCSDMCZECehcIAOhNKoEQIkwpBRBs12QGiJ8QBQ2afL7mzN5A:1pL5l4:3D_b6AHefXUIU5sB9xilpHQDSeNuzvwOXiFkxjbcGow','2023-02-09 17:09:54.138786');
INSERT INTO django_session VALUES('6wmr031grv2w87gw27zwrtj07947c6ot','.eJxVjMsOwiAURP-FtSG85Pa6dO83EOCCVA0kpV0Z_12adKHJrM6cmTdzfluL23pa3EzswhQ7_bLg4zPVvaCHr_fGY6vrMge-K_xoO781Sq_r4f4dFN_LWE_W-KQyapDCSDMCZECehcIAOhNKoEQIkwpBRBs12QGiJ8QBQ2afL7mzN5A:1pX1sl:96c3MDksAZAGhREnDwh30gazzjHz2EhN8OC7tWRlxtw','2023-03-14 15:27:11.567617');
INSERT INTO django_session VALUES('4yiocgif1ewtddww83xxfscr96wk2xuo','.eJxVjMsOwiAURP-FtSG85Pa6dO83EOCCVA0kpV0Z_12adKHJrM6cmTdzfluL23pa3EzswhQ7_bLg4zPVvaCHr_fGY6vrMge-K_xoO781Sq_r4f4dFN_LWE_W-KQyapDCSDMCZECehcIAOhNKoEQIkwpBRBs12QGiJ8QBQ2afL7mzN5A:1pco83:tjSADhmQxkeLJUv5FK2VhISr9AuUXCXDXIG0-Yyml_Q','2023-03-30 13:58:51.336911');
INSERT INTO django_session VALUES('cq8uv25383lqduped9sbmrp3b6vxn5au','.eJxVjDsOwjAQBe_iGlkxcWwvJX3OEO3HSwLIlvKpEHeHSCmgfTPzXmbAbR2HbcnzMIm5GGdOvxshP3LZgdyx3KrlWtZ5Irsr9qCL7avk5_Vw_w5GXMZvHXzqmKN6x83ZSQJuqZXGawwKACwdaQJNDlqCyBQoqM-YOp-daETz_gDjszhc:1peNtc:Cgn0UvywlDQx16vC6QCuiFDxpqlzUPTw5v1q0C1UFXM','2023-04-03 22:22:28.603374');
INSERT INTO django_session VALUES('e71jyfvk5zos8ha97krz2qbg4k83wwdl','.eJxVjDsOwjAQBe_iGlkxcWwvJX3OEO3HSwLIlvKpEHeHSCmgfTPzXmbAbR2HbcnzMIm5GGdOvxshP3LZgdyx3KrlWtZ5Irsr9qCL7avk5_Vw_w5GXMZvHXzqmKN6x83ZSQJuqZXGawwKACwdaQJNDlqCyBQoqM-YOp-daETz_gDjszhc:1peNvv:PlTGA9CWQ-hKVofwsnbWG5U0pjWyJg39cw5drEaXKmA','2023-04-03 22:24:51.162115');
INSERT INTO django_session VALUES('ll6h5kdri7b298u53xsvx8ziv50nheyj','.eJxVjDsOwjAQBe_iGlkxcWwvJX3OEO3HSwLIlvKpEHeHSCmgfTPzXmbAbR2HbcnzMIm5GGdOvxshP3LZgdyx3KrlWtZ5Irsr9qCL7avk5_Vw_w5GXMZvHXzqmKN6x83ZSQJuqZXGawwKACwdaQJNDlqCyBQoqM-YOp-daETz_gDjszhc:1prHLD:lh4L9YKKXZOe0dM-QOAyO57Ad03c9ME1SEE3M9Jdq6A','2023-05-09 12:00:15.308343');
INSERT INTO django_session VALUES('hn1b7lm3hqgiwyslgponvybn8loi12qq','.eJxVjDsOwjAQBe_iGlkxcWwvJX3OEO3HSwLIlvKpEHeHSCmgfTPzXmbAbR2HbcnzMIm5GGdOvxshP3LZgdyx3KrlWtZ5Irsr9qCL7avk5_Vw_w5GXMZvHXzqmKN6x83ZSQJuqZXGawwKACwdaQJNDlqCyBQoqM-YOp-daETz_gDjszhc:1puaGx:lav64Lgs3B90i_2kG5tTIoEpfIM4yYfUbNbBi6GRcWs','2023-05-18 14:49:31.845854');
INSERT INTO django_session VALUES('8psibcwacthvr4pnk99zygirh6j9svj4','.eJxVjDsOwjAQBe_iGlkxcWwvJX3OEO3HSwLIlvKpEHeHSCmgfTPzXmbAbR2HbcnzMIm5GGdOvxshP3LZgdyx3KrlWtZ5Irsr9qCL7avk5_Vw_w5GXMZvHXzqmKN6x83ZSQJuqZXGawwKACwdaQJNDlqCyBQoqM-YOp-daETz_gDjszhc:1q9PfH:KjWIxLnukWIwl6KD-sU_on8CXJ_L8IdmzCTAT2rSBDg','2023-06-28 12:31:55.647410');
INSERT INTO django_session VALUES('c098jwkv0e33pv7hit9lze9mljfggwvd','.eJxVjDsOwjAQBe_iGlkxcWwvJX3OEO3HSwLIlvKpEHeHSCmgfTPzXmbAbR2HbcnzMIm5GGdOvxshP3LZgdyx3KrlWtZ5Irsr9qCL7avk5_Vw_w5GXMZvHXzqmKN6x83ZSQJuqZXGawwKACwdaQJNDlqCyBQoqM-YOp-daETz_gDjszhc:1qNy0P:Bl-XzjafjATvXHve1irNnT7rRyPUMY6flaTBZME6yEs','2023-08-07 16:01:53.333870');
INSERT INTO django_session VALUES('y8dcnnobajj9r1ghpw645fku73fatnrq','.eJxVjDsOwjAQBe_iGlkxcWwvJX3OEO3HSwLIlvKpEHeHSCmgfTPzXmbAbR2HbcnzMIm5GGdOvxshP3LZgdyx3KrlWtZ5Irsr9qCL7avk5_Vw_w5GXMZvHXzqmKN6x83ZSQJuqZXGawwKACwdaQJNDlqCyBQoqM-YOp-daETz_gDjszhc:1qc7tr:fdtDlA1I4AtowAXXJA_AmH9bHpV2z6NdHhV35FDDsLc','2023-09-15 17:25:39.539725');
INSERT INTO django_session VALUES('hoeuay5e36ahg06hz8pntxcqgnpnhlvb','.eJxVjMsOwiAURP-FtSG85Pa6dO83EOCCVA0kpV0Z_12adKHJrM6cmTdzfluL23pa3EzswhQ7_bLg4zPVvaCHr_fGY6vrMge-K_xoO781Sq_r4f4dFN_LWE_W-KQyapDCSDMCZECehcIAOhNKoEQIkwpBRBs12QGiJ8QBQ2afL7mzN5A:1qeili:wpR4ixy-hD1D195-bbZS0KNpz5POJmJX0zCaSbyEPps','2023-09-22 21:11:58.814854');
INSERT INTO django_session VALUES('fwwuo03obrdruuiam4j9wr5xaw78gabj','.eJxVjMsOwiAURP-FtSG85Pa6dO83EOCCVA0kpV0Z_12adKHJrM6cmTdzfluL23pa3EzswhQ7_bLg4zPVvaCHr_fGY6vrMge-K_xoO781Sq_r4f4dFN_LWE_W-KQyapDCSDMCZECehcIAOhNKoEQIkwpBRBs12QGiJ8QBQ2afL7mzN5A:1qhB7T:RhEO3cA7Yn67rQInEShrpIxXDSIL8BqGgSfygffoJFI','2023-09-29 15:52:35.362853');
INSERT INTO django_session VALUES('s3mk2vcoc3azgnraospow0c4iowma9kw','.eJxVjDsOwjAQBe_iGlkxcWwvJX3OEO3HSwLIlvKpEHeHSCmgfTPzXmbAbR2HbcnzMIm5GGdOvxshP3LZgdyx3KrlWtZ5Irsr9qCL7avk5_Vw_w5GXMZvHXzqmKN6x83ZSQJuqZXGawwKACwdaQJNDlqCyBQoqM-YOp-daETz_gDjszhc:1qiC6C:Kp2ZKgBINmaS4xIbXBIZvIvY7k7dYhdWBS_MihKsT6o','2023-10-02 11:07:28.126926');
INSERT INTO django_session VALUES('zvn3j66xzt85eltk1vpvsnuf0vpgyerw','.eJxVjDsOwjAQBe_iGlkxcWwvJX3OEO3HSwLIlvKpEHeHSCmgfTPzXmbAbR2HbcnzMIm5GGdOvxshP3LZgdyx3KrlWtZ5Irsr9qCL7avk5_Vw_w5GXMZvHXzqmKN6x83ZSQJuqZXGawwKACwdaQJNDlqCyBQoqM-YOp-daETz_gDjszhc:1qqzpZ:T2a4_TR34mZyv6NvANdt2PPb3DBmS7a45jygIyw6PhA','2023-10-26 17:50:41.395804');
INSERT INTO django_session VALUES('3g67bhrkrz56si4l1okmfg83gof1944z','.eJxVjDsOwjAQBe_iGlkxcWwvJX3OEO3HSwLIlvKpEHeHSCmgfTPzXmbAbR2HbcnzMIm5GGdOvxshP3LZgdyx3KrlWtZ5Irsr9qCL7avk5_Vw_w5GXMZvHXzqmKN6x83ZSQJuqZXGawwKACwdaQJNDlqCyBQoqM-YOp-daETz_gDjszhc:1qrKh7:D1Z7o88Vcb52f78iIuYnZ7OdZuz8msDaCrsQyydtXjs','2023-10-27 16:07:21.764406');
INSERT INTO django_session VALUES('170wqda6jz723ao6jp5b74st811parek','.eJxVjDsOwjAQBe_iGlkxcWwvJX3OEO3HSwLIlvKpEHeHSCmgfTPzXmbAbR2HbcnzMIm5GGdOvxshP3LZgdyx3KrlWtZ5Irsr9qCL7avk5_Vw_w5GXMZvHXzqmKN6x83ZSQJuqZXGawwKACwdaQJNDlqCyBQoqM-YOp-daETz_gDjszhc:1qyzjV:RaXoafjvxbFX5kzsov6b44x3xx5nMOcVG5BQEWUbLeU','2023-11-17 19:21:29.994515');
INSERT INTO django_session VALUES('f5ucxsdxtqnmcmybr49348vwbzybng7r','.eJxVjDsOwjAQBe_iGlkxcWwvJX3OEO3HSwLIlvKpEHeHSCmgfTPzXmbAbR2HbcnzMIm5GGdOvxshP3LZgdyx3KrlWtZ5Irsr9qCL7avk5_Vw_w5GXMZvHXzqmKN6x83ZSQJuqZXGawwKACwdaQJNDlqCyBQoqM-YOp-daETz_gDjszhc:1r1AHU:2wQR9Ywy-8gqb766hgO70Sc1y4nSWaO7PWkmczSff-8','2023-11-23 19:01:32.030954');
INSERT INTO django_session VALUES('rhfnnmhb9a4zazfi9k29k71g9q965jqu','.eJxVjDsOwjAQBe_iGlkxcWwvJX3OEO3HSwLIlvKpEHeHSCmgfTPzXmbAbR2HbcnzMIm5GGdOvxshP3LZgdyx3KrlWtZ5Irsr9qCL7avk5_Vw_w5GXMZvHXzqmKN6x83ZSQJuqZXGawwKACwdaQJNDlqCyBQoqM-YOp-daETz_gDjszhc:1r1AWv:UJeKqkkeIDEgReEpEOeEuKwAo9xf1YtoyCdaoPWE9HQ','2023-11-23 19:17:29.815171');
INSERT INTO django_session VALUES('2wdtsjr4xc34vvpd84a3wto18ebw7vtt','.eJxVjDsOwjAQBe_iGlkxcWwvJX3OEO3HSwLIlvKpEHeHSCmgfTPzXmbAbR2HbcnzMIm5GGdOvxshP3LZgdyx3KrlWtZ5Irsr9qCL7avk5_Vw_w5GXMZvHXzqmKN6x83ZSQJuqZXGawwKACwdaQJNDlqCyBQoqM-YOp-daETz_gDjszhc:1r7fCi:HhxOp2nfr3DEHlG_rkfgBb3KSRdC_uSK7IueOBa2HHk','2023-12-11 17:15:28.184224');
INSERT INTO django_session VALUES('fr95rw65aayogk0ytaszq71z5ru1z7zv','.eJxVjDsOwjAQBe_iGlkxcWwvJX3OEO3HSwLIlvKpEHeHSCmgfTPzXmbAbR2HbcnzMIm5GGdOvxshP3LZgdyx3KrlWtZ5Irsr9qCL7avk5_Vw_w5GXMZvHXzqmKN6x83ZSQJuqZXGawwKACwdaQJNDlqCyBQoqM-YOp-daETz_gDjszhc:1r7g0h:QykNuAcLfLYvpYT8KURHsn6D0gVwqu6uVYKHSlGHofk','2023-12-11 18:07:07.561043');
INSERT INTO django_session VALUES('mngp6neweb91tt4t0lglo849h2ob0t1k','.eJxVjDsOwjAQBe_iGlkxcWwvJX3OEO3HSwLIlvKpEHeHSCmgfTPzXmbAbR2HbcnzMIm5GGdOvxshP3LZgdyx3KrlWtZ5Irsr9qCL7avk5_Vw_w5GXMZvHXzqmKN6x83ZSQJuqZXGawwKACwdaQJNDlqCyBQoqM-YOp-daETz_gDjszhc:1r7geA:8IRRkit9YQt1OLDOhDqz1gqal3RRXL41qS0eUJIngwI','2023-12-11 18:47:54.855528');
INSERT INTO django_session VALUES('rtv25ccmv1jog3w0gilljcqq326i5u14','.eJxVjDsOwjAQBe_iGlkxcWwvJX3OEO3HSwLIlvKpEHeHSCmgfTPzXmbAbR2HbcnzMIm5GGdOvxshP3LZgdyx3KrlWtZ5Irsr9qCL7avk5_Vw_w5GXMZvHXzqmKN6x83ZSQJuqZXGawwKACwdaQJNDlqCyBQoqM-YOp-daETz_gDjszhc:1rDqgf:geqPQJEUqnKgcNVg8KfE7QRSDXMsBUqcwpSXRcnsRpo','2023-12-28 18:43:57.211457');
INSERT INTO django_session VALUES('11oykgysqsluds3rclnujej6a2wqum5p','.eJxVjDsOwjAQBe_iGlkxcWwvJX3OEO3HSwLIlvKpEHeHSCmgfTPzXmbAbR2HbcnzMIm5GGdOvxshP3LZgdyx3KrlWtZ5Irsr9qCL7avk5_Vw_w5GXMZvHXzqmKN6x83ZSQJuqZXGawwKACwdaQJNDlqCyBQoqM-YOp-daETz_gDjszhc:1rEDl2:GZENB-Hn6quCMfIiyPZ4uN6ltX3w_1LRJDRoWaD8XFA','2023-12-29 19:22:00.792317');
INSERT INTO django_session VALUES('5qmimmp5sf3xz2s57p26o292t4qrvve1','.eJxVjDsOwjAQBe_iGlkxcWwvJX3OEO3HSwLIlvKpEHeHSCmgfTPzXmbAbR2HbcnzMIm5GGdOvxshP3LZgdyx3KrlWtZ5Irsr9qCL7avk5_Vw_w5GXMZvHXzqmKN6x83ZSQJuqZXGawwKACwdaQJNDlqCyBQoqM-YOp-daETz_gDjszhc:1rFFPF:HjYYfJfLeMCNXSD_6hrbqIM51i5OdcaWpnodb01cCzI','2024-01-01 05:19:45.970618');
INSERT INTO django_session VALUES('adlmgnxklnf8km2s0m1u2ownlwuud8tv','.eJxVjDsOwjAQBe_iGlkxcWwvJX3OEO3HSwLIlvKpEHeHSCmgfTPzXmbAbR2HbcnzMIm5GGdOvxshP3LZgdyx3KrlWtZ5Irsr9qCL7avk5_Vw_w5GXMZvHXzqmKN6x83ZSQJuqZXGawwKACwdaQJNDlqCyBQoqM-YOp-daETz_gDjszhc:1rQ8ac:ant5Uwxj9X23wJe9bXiOO90GUNh1uNIr624LcFnrL-s','2024-01-31 06:16:30.488581');
INSERT INTO django_session VALUES('d09jp1sghe7o3fqbmt30n87zo43wdtw1','.eJxVjDsOwjAQBe_iGlkxcWwvJX3OEO3HSwLIlvKpEHeHSCmgfTPzXmbAbR2HbcnzMIm5GGdOvxshP3LZgdyx3KrlWtZ5Irsr9qCL7avk5_Vw_w5GXMZvHXzqmKN6x83ZSQJuqZXGawwKACwdaQJNDlqCyBQoqM-YOp-daETz_gDjszhc:1rc8yE:0SIlFkgJ0I_qxwLUKxAFtiydAblUXUQe_Vj1xkK28xs','2024-03-04 19:06:30.624021');
INSERT INTO django_session VALUES('4661jlo7lqsxcayzb7w44a9grawgmipr','.eJxVjDsOwjAQBe_iGlkxcWwvJX3OEO3HSwLIlvKpEHeHSCmgfTPzXmbAbR2HbcnzMIm5GGdOvxshP3LZgdyx3KrlWtZ5Irsr9qCL7avk5_Vw_w5GXMZvHXzqmKN6x83ZSQJuqZXGawwKACwdaQJNDlqCyBQoqM-YOp-daETz_gDjszhc:1rc8yF:u-v9XBXQk8duuIiqovs8nyTr2BfSdCYSJuZ6-Mw6Dfs','2024-03-04 19:06:31.137582');
INSERT INTO django_session VALUES('bn5zzgkfdvzxmu13ntuuz3x49wiawnvl','.eJxVjDsOwjAQBe_iGlkxcWwvJX3OEO3HSwLIlvKpEHeHSCmgfTPzXmbAbR2HbcnzMIm5GGdOvxshP3LZgdyx3KrlWtZ5Irsr9qCL7avk5_Vw_w5GXMZvHXzqmKN6x83ZSQJuqZXGawwKACwdaQJNDlqCyBQoqM-YOp-daETz_gDjszhc:1rhPrV:oySMzAiYlYyHgAcEKEcBoVpNzs45zDwWeAH-p19AfbQ','2024-03-19 08:09:21.111738');
CREATE TABLE IF NOT EXISTS "Calibration" ("Id" integer NOT NULL PRIMARY KEY AUTOINCREMENT, "AppliedLoadLow" integer NULL, "TensionLow" integer NULL, "RawmVLow" real NULL, "AppliedLoadHigh" integer NULL, "TensionHigh" integer NULL, "RawmVHigh" real NULL, "CalibrationId" integer NULL REFERENCES "CalibrationMeta" ("Id") DEFERRABLE INITIALLY DEFERRED);
CREATE TABLE IF NOT EXISTS "Lubrication" ("Id" integer NOT NULL PRIMARY KEY AUTOINCREMENT, "LubeType" text NULL, "Date" date NULL, "LubeLength" integer NULL, "Notes" text NULL, "WireId" integer NULL REFERENCES "Wire" ("Id") DEFERRABLE INITIALLY DEFERRED);
CREATE TABLE IF NOT EXISTS "WinchOperator" ("Status" bool NULL, "FirstName" text NULL, "LastName" text NULL, "UserName" text NULL, "Id" integer NOT NULL PRIMARY KEY AUTOINCREMENT);
INSERT INTO WinchOperator VALUES(1,'Valmont','Riechl','vriechl',1);
INSERT INTO WinchOperator VALUES(1,'Derek','Rogers','drogers',2);
INSERT INTO WinchOperator VALUES(1,'Oscar','Sisson','osisson',3);
INSERT INTO WinchOperator VALUES(0,'Joe','Cop','jcop',8);
INSERT INTO WinchOperator VALUES(0,'Doug','Beck','dbeck',9);
INSERT INTO WinchOperator VALUES(0,'Zoe','Zanidakis','zzanidakis',10);
INSERT INTO WinchOperator VALUES(0,'Sam','Coles','scoles',11);
INSERT INTO WinchOperator VALUES(1,'Lee','Singer','esinger',12);
INSERT INTO WinchOperator VALUES(0,'David','Williams','dwilliams',13);
INSERT INTO WinchOperator VALUES(1,'Meral','Jackson','mjackson',14);
CREATE TABLE IF NOT EXISTS "CalibrationMeta" ("Id" integer NOT NULL PRIMARY KEY AUTOINCREMENT, "Date" date NULL, "SafetyFactor" integer NULL, "MonitoringAccuracy" integer NULL, "DynomometerId" integer NULL REFERENCES "Dynomometer" ("Id") DEFERRABLE INITIALLY DEFERRED, "FrameId" integer NULL REFERENCES "Frame" ("Id") DEFERRABLE INITIALLY DEFERRED, "OperatorId" integer NULL REFERENCES "WinchOperator" ("Id") DEFERRABLE INITIALLY DEFERRED, "WinchId" integer NULL REFERENCES "Winch" ("Id") DEFERRABLE INITIALLY DEFERRED, "WireId" integer NULL REFERENCES "Wire" ("Id") DEFERRABLE INITIALLY DEFERRED);
INSERT INTO CalibrationMeta VALUES(1,'2022-07-13',NULL,NULL,NULL,NULL,NULL,NULL,NULL);
CREATE TABLE IF NOT EXISTS "Dynomometer" ("Id" integer NOT NULL PRIMARY KEY AUTOINCREMENT, "DynomometerType" text NULL, "Comments" text NULL, "Name" text NULL);
CREATE TABLE IF NOT EXISTS "Frame" ("Id" integer NOT NULL PRIMARY KEY AUTOINCREMENT, "FrameType" text NULL, "Name" text NULL);
INSERT INTO Frame VALUES(1,'AFrame',NULL);
INSERT INTO Frame VALUES(2,'JFrame',NULL);
CREATE TABLE IF NOT EXISTS "WireRopeData" ("Id" integer NOT NULL PRIMARY KEY AUTOINCREMENT, "Manufacturer" text NULL, "ManufacturerPartNumber" text NULL, "CableType" text NULL, "nominalbreakingload" integer NULL, "WeightPerFoot" real NULL, "Name" text NULL);
INSERT INTO WireRopeData VALUES(1,'Rochester - TE','A301241','680Coax',37000,0.69299999999999997157,'680 Rochester');
INSERT INTO WireRopeData VALUES(2,'Rochester - TE','A201592','322EM',10000,0.175,'322 Rochester');
INSERT INTO WireRopeData VALUES(3,'MacWhyte','3x19AA','3x19 1/4"',6750,0.099700000000000006394,'1/4 MacWhyte');
INSERT INTO WireRopeData VALUES(4,'WRCA','3x19AA','3x19 9/16"',32500,0.49199999999999999289,'9/16 WRCA');
INSERT INTO WireRopeData VALUES(6,'WireCo Worldgroup','wx19AA','3x19 9/16"',32500,0.49199999999999999289,'9/16 Wireco');
CREATE TABLE IF NOT EXISTS "DeploymentType" ("Id" integer NOT NULL PRIMARY KEY AUTOINCREMENT, "Equipment" text NULL, "Notes" text NULL, "Name" text NULL, "Status" bool NULL);
INSERT INTO DeploymentType VALUES(1,'CTD','','CTD 24pl 30l',0);
INSERT INTO DeploymentType VALUES(2,'CTD','','CTD 12pl 10l',1);
INSERT INTO DeploymentType VALUES(3,'CTD','','CTD 24pl 10l',1);
INSERT INTO DeploymentType VALUES(4,'McLane pump','','McLane pump',1);
INSERT INTO DeploymentType VALUES(5,'1m MOCNESS','','MOCNESS',0);
INSERT INTO DeploymentType VALUES(6,'0.5m Bongo net w/ sm phyto net clamped above','science provided','Net tow - Bongo net w/ sm phyto net',0);
INSERT INTO DeploymentType VALUES(7,'NOAA supplied CTD with 12, 10L bottles','','CTD - NOAA supplied with 12, 10L bottles',0);
INSERT INTO DeploymentType VALUES(13,'Various mooring supplies by science party','Landers and moorings','Mooring',0);
INSERT INTO DeploymentType VALUES(14,'meter net','','Net tow - 1m',1);
INSERT INTO DeploymentType VALUES(15,'Rupture Induced Underwater Sound Source','','RIUSS',0);
INSERT INTO DeploymentType VALUES(16,'CTD','','CTD 12pl no bottles',0);
INSERT INTO DeploymentType VALUES(17,'WHOI air gun','','Air gun',0);
INSERT INTO DeploymentType VALUES(18,'Trace metal 12pl CTD','','CTD trace metal',1);
INSERT INTO DeploymentType VALUES(19,'stingray sled','WHOI Sosik stingray sled','Stingray sled',0);
INSERT INTO DeploymentType VALUES(20,'Bongo net with 19plus CTD and small phyto net','Provided by WHOI Sosik group','Net tow - bongos CTD phyto net',0);
INSERT INTO DeploymentType VALUES(21,'Sosik net tow','Large net towed off the stern','Net tow - Sosik',0);
INSERT INTO DeploymentType VALUES(22,'Science provided SALP mooring','','Mooring - SALP',1);
INSERT INTO DeploymentType VALUES(23,'Science provided ADCP mooring','','Mooring - ADCP',1);
CREATE TABLE IF NOT EXISTS "Wire" ("Id" integer NOT NULL PRIMARY KEY AUTOINCREMENT, "ManufacturerId" text NULL, "NsfId" text NULL, "DateAcquired" datetime NULL, "Notes" text NULL, "Status" bool NULL, "WireRopeId" integer NULL REFERENCES "WireRopeData" ("Id") DEFERRABLE INITIALLY DEFERRED, "WinchId" integer NULL REFERENCES "Winch" ("Id") DEFERRABLE INITIALLY DEFERRED, "FactorofSafety" integer NULL REFERENCES "FactorOfSafety" ("Id") DEFERRABLE INITIALLY DEFERRED, "DryEndTag" integer NULL, "OwnershipStatusId" integer NULL REFERENCES "OwnershipStatus" ("Id") DEFERRABLE INITIALLY DEFERRED);
INSERT INTO Wire VALUES(1,'428-103376-1','NSF-09-T41',NULL,'',1,6,1,2,0,NULL);
INSERT INTO Wire VALUES(2,'Q60625-C1','NSF-19-C187','2021-01-11 00:00:00','',1,2,2,4,95,NULL);
INSERT INTO Wire VALUES(3,'Q2168-C1','NSF-17-C178','2019-01-19 00:00:00','',1,2,3,2,58,NULL);
INSERT INTO Wire VALUES(4,'Q2891-C1','NSF-94-C84','2000-03-26 00:00:00','',0,2,NULL,NULL,4666,NULL);
INSERT INTO Wire VALUES(5,'Q5062-C2','NSF-06-C136','2008-02-01 00:00:00','',0,2,NULL,NULL,17248,NULL);
INSERT INTO Wire VALUES(6,'Q6684-C3','NSF-09-C149','2014-02-21 00:00:00','Ownership transferred to LUMCON spring 2023',0,2,NULL,NULL,44,3);
INSERT INTO Wire VALUES(7,'G414721','NSF-93-H15c','2012-03-09 00:00:00','Wire split from NSF-93-H15a - not in UNOLS db - sold for scrap 9-19-2023',0,3,NULL,NULL,0,NULL);
INSERT INTO Wire VALUES(8,'G414721','NSF-93-H15a','1999-08-01 00:00:00','',0,3,NULL,NULL,0,2);
INSERT INTO Wire VALUES(12,'G414721','NSF-93-H15b','2010-02-15 00:00:00','Wire split from NSF-93-H15a - sold for scrap 9-19-2023',0,3,NULL,NULL,0,3);
INSERT INTO Wire VALUES(13,'BBS0985-01','NSF-07-T36','2008-02-01 00:00:00','',0,4,NULL,NULL,0,2);
INSERT INTO Wire VALUES(14,'','OTH-046',NULL,'sold for scrap 9-19-2023 - BKC',0,1,NULL,NULL,NULL,3);
INSERT INTO Wire VALUES(16,'Q8104','NSF-13-C167a','2014-04-14 18:00:11','Approved of for disposal.  4850m cutback from NSF-13-C167 in December 2020.  NSF-13-C167 sent to WHOI.  NSF-13-C167a is not in WHOI db. - sold for scrap 9-19-2023 - BKC',0,2,NULL,NULL,1707,3);
CREATE TABLE IF NOT EXISTS "CutbackRetermination" ("Id" integer NOT NULL PRIMARY KEY AUTOINCREMENT, "WetEndTag" integer NULL, "Notes" text NULL, "Date" date NULL, "WireId" integer NULL REFERENCES "Wire" ("Id") DEFERRABLE INITIALLY DEFERRED, "LengthAfterCutback" integer NULL, "DryEndTag" integer NULL, "TerminationType" integer NULL REFERENCES "TerminationType" ("Id") DEFERRABLE INITIALLY DEFERRED);
INSERT INTO CutbackRetermination VALUES(1,9866,'cutback after bend from wire jumping traction head.','2022-06-21',3,9808,NULL,1);
INSERT INTO CutbackRetermination VALUES(2,9870,'cutback for retermination','2022-05-02',3,9812,NULL,1);
INSERT INTO CutbackRetermination VALUES(3,9633,'cutback for removal of test section, reterminate for en685','2022-06-28',2,9538,NULL,1);
INSERT INTO CutbackRetermination VALUES(4,3196,'Initial entry to retain data on length.  Cutback to validate inner label. -BKC','2022-06-30',4,1470,NULL,5);
INSERT INTO CutbackRetermination VALUES(5,6060,'Initial entry to retain data on length.  Validated by cutting length to check inner label. - BKC','2022-06-30',6,6016,NULL,5);
INSERT INTO CutbackRetermination VALUES(8,760,'Initial entry to retain data on length','2022-06-30',7,760,NULL,5);
INSERT INTO CutbackRetermination VALUES(10,18687,'Initial entry to retain data on length','2022-06-30',5,1439,NULL,5);
INSERT INTO CutbackRetermination VALUES(11,3500,'Initial entry to retain length','2022-06-30',12,3500,NULL,5);
INSERT INTO CutbackRetermination VALUES(12,3370,'Initial entry to retain data for length','2022-06-30',8,3370,NULL,5);
INSERT INTO CutbackRetermination VALUES(14,9202,'Cutback and reterminate after bend in wire from getting caught under gravity core','2022-03-18',1,9202,NULL,3);
INSERT INTO CutbackRetermination VALUES(15,7958,'Initial entry to retain data on length','2022-06-30',13,7958,NULL,5);
INSERT INTO CutbackRetermination VALUES(16,9631,'Reterminate W2 due to broken wire','2022-07-11',2,9536,NULL,1);
INSERT INTO CutbackRetermination VALUES(17,9187,'Remove two length to get breaktest after prior breaktest failed below the NBL','2022-07-21',1,9187,NULL,3);
INSERT INTO CutbackRetermination VALUES(18,9855,'Cutback after cable wedged between lower traction unit break pad and break.  Cable slightly kinked.  re-terminated using same poured socket termination and boot.','2022-07-30',3,9797,NULL,1);
INSERT INTO CutbackRetermination VALUES(31,9787,'Cutback for re-termination prior to EN674 shakedown','2022-12-30',3,9729,NULL,1);
INSERT INTO CutbackRetermination VALUES(32,10354,'Update wire length from excel spreadsheet','2023-01-19',5,6894,NULL,5);
INSERT INTO CutbackRetermination VALUES(33,6554,'Initial entry to retain length.  Outer tag valued validated by cutting back - BKC','2023-01-25',16,4847,NULL,5);
INSERT INTO CutbackRetermination VALUES(34,9779,'Quarterly retermination','2023-03-23',3,9721,NULL,1);
INSERT INTO CutbackRetermination VALUES(35,9772,'cutback and reterminate for yearly breaktest - BKC','2023-05-01',3,9714,NULL,1);
INSERT INTO CutbackRetermination VALUES(37,9622,'Cut back for yearly break test','2023-07-22',2,9527,NULL,1);
INSERT INTO CutbackRetermination VALUES(38,9167,'Removed 20m for yearly breaktest','2023-08-03',1,9167,NULL,3);
INSERT INTO CutbackRetermination VALUES(39,9559,'cutback for routine re-termination and removal of rusty section','2023-08-28',3,9501,NULL,1);
INSERT INTO CutbackRetermination VALUES(40,9610,'routine cutback and re-termination','2023-08-28',2,9515,NULL,1);
CREATE TABLE IF NOT EXISTS "DrumLocation" ("Id" integer NOT NULL PRIMARY KEY AUTOINCREMENT, "Notes" text NULL, "DrumId" integer NULL REFERENCES "Drum" ("Id") DEFERRABLE INITIALLY DEFERRED, "EnteredBy" integer NULL REFERENCES "auth_user" ("id") DEFERRABLE INITIALLY DEFERRED, "LocationId" integer NULL REFERENCES "Location" ("Id") DEFERRABLE INITIALLY DEFERRED, "WinchId" integer NULL REFERENCES "Winch" ("Id") DEFERRABLE INITIALLY DEFERRED, "Date" date NULL, "WireId" integer NULL REFERENCES "Wire" ("Id") DEFERRABLE INITIALLY DEFERRED);
INSERT INTO DrumLocation VALUES(1,'',13,2,3,1,NULL,1);
INSERT INTO DrumLocation VALUES(2,'',3,2,2,2,NULL,2);
INSERT INTO DrumLocation VALUES(3,'',4,2,1,3,NULL,NULL);
INSERT INTO DrumLocation VALUES(4,'',16,2,7,NULL,'2023-03-27',14);
INSERT INTO DrumLocation VALUES(5,'',12,2,7,NULL,'2023-03-27',NULL);
INSERT INTO DrumLocation VALUES(6,'',15,2,7,NULL,'2023-03-27',NULL);
INSERT INTO DrumLocation VALUES(7,'',14,2,8,NULL,'2023-03-27',NULL);
INSERT INTO DrumLocation VALUES(9,'',9,2,7,NULL,'2023-01-25',12);
INSERT INTO DrumLocation VALUES(10,'',8,2,7,NULL,'2023-01-25',7);
INSERT INTO DrumLocation VALUES(11,'Transferred to LUMCON',7,2,4,NULL,'2023-01-25',4);
INSERT INTO DrumLocation VALUES(12,'',6,2,7,NULL,'2023-03-27',16);
INSERT INTO DrumLocation VALUES(13,'',5,2,7,NULL,'2023-03-27',6);
INSERT INTO DrumLocation VALUES(14,'',2,2,7,NULL,'2023-03-27',8);
INSERT INTO DrumLocation VALUES(15,'',1,2,8,NULL,'2023-03-27',13);
INSERT INTO DrumLocation VALUES(17,'moved to boneyard w/ NSF-93-H15B on drum',9,2,8,NULL,'2023-04-25',12);
INSERT INTO DrumLocation VALUES(18,'Moved to boneyard, empty drum',12,2,8,NULL,'2023-04-25',NULL);
INSERT INTO DrumLocation VALUES(19,'Moved to boneyard, empty drum',15,2,8,NULL,'2023-04-25',NULL);
INSERT INTO DrumLocation VALUES(20,'Moved to boneyard, empty drum',4,2,8,NULL,'2023-04-25',NULL);
INSERT INTO DrumLocation VALUES(21,'Empty drum moved to boneyard',4,2,8,NULL,'2023-04-25',NULL);
INSERT INTO DrumLocation VALUES(22,'assign winch 1 drum and id and location',18,2,1,3,'2023-04-25',3);
INSERT INTO DrumLocation VALUES(23,'Sold for scrap',5,2,4,NULL,'2023-09-19',6);
INSERT INTO DrumLocation VALUES(24,'Transferred to LUMCON',19,2,4,NULL,'2023-09-19',5);
INSERT INTO DrumLocation VALUES(25,'Sold for scrap',6,2,4,NULL,'2023-09-19',16);
INSERT INTO DrumLocation VALUES(27,'Sold for scrap',8,2,4,NULL,'2023-09-19',7);
INSERT INTO DrumLocation VALUES(28,'Sold for scrap',7,2,4,NULL,'2023-09-19',4);
INSERT INTO DrumLocation VALUES(29,'Sold for scrap',16,2,4,NULL,'2023-09-19',14);
CREATE TABLE IF NOT EXISTS "Winch" ("Id" integer NOT NULL PRIMARY KEY AUTOINCREMENT, "Ship" text NULL, "Institution" text NULL, "Manufacturer" text NULL, "WireTrainSchematicJFrame" text NULL, "WireTrainSchematicAFrame" text NULL, "Name" text NULL, "Status" bool NULL);
INSERT INTO Winch VALUES(1,'RV Endeavor','University of Rhode Island','Pine Hill','\Schematics\winch1\Winch1_Sheave_Diagram.pdf','','winch3',1);
INSERT INTO Winch VALUES(2,'RV Endeavor','University of Rhode Island','Markey','\Schematics\winch2\Winch2_Sheave_Diagram_Jframe.pdf','\Schematics\winch2\Winch2_Sheave_Diagram_Aframe.pdf','winch2',1);
INSERT INTO Winch VALUES(3,'RV Endeavor','University of Rhode Island','Smatco','','\Schematics\winch1\Winch1_Sheave_Diagram.pdf','winch1',1);
INSERT INTO Winch VALUES(4,NULL,'WHOI',NULL,NULL,NULL,'Gloria',1);
CREATE TABLE IF NOT EXISTS "FactorOfSafety" ("Id" integer NOT NULL PRIMARY KEY AUTOINCREMENT, "FactorofSafety" real NOT NULL);
INSERT INTO FactorOfSafety VALUES(2,2.0);
INSERT INTO FactorOfSafety VALUES(3,5.0);
INSERT INTO FactorOfSafety VALUES(4,2.5);
CREATE TABLE IF NOT EXISTS "Drum" ("Id" integer NOT NULL PRIMARY KEY AUTOINCREMENT, "InternalId" text NULL, "Color" text NULL, "Size" text NULL, "Weight" text NULL, "Material" text NULL, "WireType" text NULL);
INSERT INTO Drum VALUES(1,'015','red and gray','extra large','','steel','');
INSERT INTO Drum VALUES(2,'014','gray','medium','','','1/4');
INSERT INTO Drum VALUES(3,'013','gray','medium','','','322');
INSERT INTO Drum VALUES(4,'012','gray','medium','','steel','322');
INSERT INTO Drum VALUES(5,'011','gray','large','','steel','');
INSERT INTO Drum VALUES(6,'010','gray','large','713','steel','');
INSERT INTO Drum VALUES(7,'009','gray','large','497','steel','');
INSERT INTO Drum VALUES(8,'008','brown','small','','wood','');
INSERT INTO Drum VALUES(9,'007','brown','small','','wood','');
INSERT INTO Drum VALUES(12,'005','gray','medium','','aluminum','');
INSERT INTO Drum VALUES(13,'004','red and gray','exra large','','steel','');
INSERT INTO Drum VALUES(14,'003','red','extra large','','steel','');
INSERT INTO Drum VALUES(15,'002','red and gray','large','713lbs','wood','');
INSERT INTO Drum VALUES(16,'001','gray','large','','steel','');
INSERT INTO Drum VALUES(18,'006','grey','medium','','aluminum','322');
INSERT INTO Drum VALUES(19,'016','','','','','');
CREATE TABLE IF NOT EXISTS "WireDrum" ("Id" integer NOT NULL PRIMARY KEY AUTOINCREMENT, "Date" date NULL, "Notes" text NULL, "WireId" integer NULL REFERENCES "Wire" ("Id") DEFERRABLE INITIALLY DEFERRED, "DrumId" integer NULL REFERENCES "Drum" ("Id") DEFERRABLE INITIALLY DEFERRED);
INSERT INTO WireDrum VALUES(1,'2022-08-03','Initial entry to log wire drum association.',4,7);
INSERT INTO WireDrum VALUES(2,'2022-08-03','Initial entry to log wire drum association',2,3);
INSERT INTO WireDrum VALUES(3,'2022-08-03','Initial entry to log wire drum association',8,2);
INSERT INTO WireDrum VALUES(4,'2022-08-03','Initial entry to log wire drum association',13,1);
INSERT INTO WireDrum VALUES(5,'2022-08-03','Initial entry to log wire drum association',3,18);
INSERT INTO WireDrum VALUES(6,'2022-08-03','Initial entry to log wire drum association',6,5);
INSERT INTO WireDrum VALUES(7,'2022-08-03','Initial entry to log wire drum association',16,6);
INSERT INTO WireDrum VALUES(8,'2022-08-03','Initial entry to log wire drum association',7,8);
INSERT INTO WireDrum VALUES(9,'2022-08-03','Initial entry to log wire drum association',12,9);
INSERT INTO WireDrum VALUES(10,'2022-08-03','Initial entry to log wire drum association',1,13);
INSERT INTO WireDrum VALUES(11,'2022-08-03','Initial entry to log wire drum association',14,16);
INSERT INTO WireDrum VALUES(12,'2023-09-19','',5,19);
CREATE TABLE IF NOT EXISTS "Cruise" ("Id" integer NOT NULL PRIMARY KEY AUTOINCREMENT, "Number" text NULL, "StartDate" date NULL, "EndDate" date NULL, "ScienceProvidedWinch" text NULL, "WinchNotes" text NULL);
INSERT INTO Cruise VALUES(1,'EN695_Sosik','2023-01-09','2023-01-17','',NULL);
INSERT INTO Cruise VALUES(2,'EN697b_Johns','2023-02-22','2023-03-01',NULL,NULL);
INSERT INTO Cruise VALUES(3,'EN697a_Johns','2023-02-05','2023-02-21','',NULL);
INSERT INTO Cruise VALUES(13,'EN697c_Johns','2023-03-02','2023-03-07',NULL,NULL);
INSERT INTO Cruise VALUES(14,'EN699_Taylor','2023-04-01','2023-04-10','',NULL);
INSERT INTO Cruise VALUES(15,'EN700_Phillips','2023-04-17','2023-04-24','',NULL);
INSERT INTO Cruise VALUES(16,'EN702b_Miller','2023-05-29','2023-06-12',NULL,NULL);
INSERT INTO Cruise VALUES(17,'EN702a_Miller','2023-05-13',NULL,NULL,NULL);
INSERT INTO Cruise VALUES(18,'EN704_Knapp','2023-06-27','2023-07-14','',NULL);
INSERT INTO Cruise VALUES(19,'EN705_Johns','2023-07-16','2023-07-25','',NULL);
INSERT INTO Cruise VALUES(20,'EN706_Sosik','2023-08-07','2023-08-12','',NULL);
INSERT INTO Cruise VALUES(21,'EN707_Taylor','2023-08-16','2023-08-25',NULL,NULL);
INSERT INTO Cruise VALUES(22,'EN709_Foukal','2023-09-01','2023-09-28','',NULL);
INSERT INTO Cruise VALUES(23,'EN710_Taylor','2023-11-02','2023-11-09','skidway TM winch and TM CTD system were used',NULL);
CREATE TABLE IF NOT EXISTS "BreakTest" ("Id" integer NOT NULL PRIMARY KEY AUTOINCREMENT, "TestedBreakingLoad" integer NULL, "Notes" text NULL, "WireId" integer NULL REFERENCES "Wire" ("Id") DEFERRABLE INITIALLY DEFERRED, "Date" date NULL);
INSERT INTO BreakTest VALUES(1,9098,'',2,'2022-08-10');
INSERT INTO BreakTest VALUES(2,13230,'',6,'2013-10-21');
INSERT INTO BreakTest VALUES(3,12560,'',4,'2010-05-17');
INSERT INTO BreakTest VALUES(5,6750,'No reported breaktests',7,'2022-12-31');
INSERT INTO BreakTest VALUES(6,22380,'',1,'2022-08-10');
INSERT INTO BreakTest VALUES(7,11660,'',3,'2022-05-25');
INSERT INTO BreakTest VALUES(8,12820,'',5,'2018-02-01');
INSERT INTO BreakTest VALUES(9,10240,'',8,'2014-05-23');
INSERT INTO BreakTest VALUES(10,6750,'No reported breaktests',12,'2022-12-31');
INSERT INTO BreakTest VALUES(11,34925,'',13,'2017-12-05');
INSERT INTO BreakTest VALUES(12,37000,'No reported breaktests.  Tested breaking load = nominal breaking load.',14,'2022-12-31');
INSERT INTO BreakTest VALUES(13,33980,'',1,'2021-08-23');
INSERT INTO BreakTest VALUES(14,22380,'',1,'2022-08-10');
INSERT INTO BreakTest VALUES(15,30425,'',1,'2021-02-19');
INSERT INTO BreakTest VALUES(16,36900,'',1,'2020-05-03');
INSERT INTO BreakTest VALUES(17,34010,'',1,'2009-05-29');
INSERT INTO BreakTest VALUES(18,12450,'',2,'2021-02-19');
INSERT INTO BreakTest VALUES(19,13000,'',2,'2019-08-27');
INSERT INTO BreakTest VALUES(20,11150,'',3,'2021-02-22');
INSERT INTO BreakTest VALUES(21,12520,'',3,'2020-05-11');
INSERT INTO BreakTest VALUES(22,11990,'',3,'2017-04-24');
INSERT INTO BreakTest VALUES(23,12190,'Yearly breaktest',3,'2023-06-13');
INSERT INTO BreakTest VALUES(24,9342,'broke at ships poured socket termination',2,'2023-09-14');
INSERT INTO BreakTest VALUES(25,29600,'Yearly breaktest using ships nico press termination',1,'2023-09-20');
CREATE TABLE IF NOT EXISTS "Cast" ("Id" integer NOT NULL PRIMARY KEY AUTOINCREMENT, "StartDate" datetime NOT NULL, "EndDate" datetime NULL, "Notes" text NULL, "MaxTension" integer NULL, "MaxPayout" integer NULL, "Flagforreview" bool NULL, "PayoutMaxTension" integer NULL, "DeploymentTypeId" integer NULL REFERENCES "DeploymentType" ("Id") DEFERRABLE INITIALLY DEFERRED, "EndOperatorId" integer NULL REFERENCES "WinchOperator" ("Id") DEFERRABLE INITIALLY DEFERRED, "StartOperatorId" integer NULL REFERENCES "WinchOperator" ("Id") DEFERRABLE INITIALLY DEFERRED, "WinchId" integer NULL REFERENCES "Winch" ("Id") DEFERRABLE INITIALLY DEFERRED, "WireId" integer NULL REFERENCES "Wire" ("Id") DEFERRABLE INITIALLY DEFERRED, "MeterMaxTension" integer NULL, "TimeMaxTension" datetime NULL, "DryEndTag" integer NULL, "WetEndTag" integer NULL, "MotorId" integer NULL REFERENCES "Motor" ("Id") DEFERRABLE INITIALLY DEFERRED);
INSERT INTO "Cast" VALUES(226,'2023-01-12 03:10:00','2023-01-12 04:05:00','',1562,85,0,69,3,2,2,3,NULL,9718,'2023-01-12 03:37:13.667000',58,9787,NULL);
INSERT INTO "Cast" VALUES(227,'2023-01-12 06:26:00','2023-01-12 07:33:39','',1532,195,0,195,3,2,3,3,NULL,NULL,NULL,NULL,NULL,NULL);
INSERT INTO "Cast" VALUES(228,'2023-01-12 09:08:00','2023-01-12 10:11:14','',1527,434,0,316,3,3,2,3,NULL,NULL,NULL,NULL,NULL,NULL);
INSERT INTO "Cast" VALUES(229,'2023-01-12 12:09:50','2023-01-12 13:48:00','',1594,513,0,379,3,2,2,3,NULL,9408,'2023-01-12 12:32:05.660000',58,9787,NULL);
INSERT INTO "Cast" VALUES(230,'2023-01-11 19:39:00','2023-01-11 20:39:00','',1573,19,0,-3,3,2,2,3,NULL,9787,'2023-01-11 20:07:14.957000',58,9787,NULL);
INSERT INTO "Cast" VALUES(232,'2023-01-12 12:09:56','2023-01-12 13:48:24','',1594,513,0,380,3,2,2,3,NULL,9407,'2023-01-12 12:32:07.177000',58,9787,NULL);
INSERT INTO "Cast" VALUES(233,'2023-01-12 20:13:46','2023-01-12 21:43:17','',1604,128,0,100,3,2,2,3,NULL,NULL,NULL,NULL,NULL,NULL);
INSERT INTO "Cast" VALUES(234,'2023-01-12 22:27:37','2023-01-12 23:47:01','',1549,114,0,110,3,2,2,3,NULL,9677,'2023-01-12 22:49:23.847000',58,9787,NULL);
INSERT INTO "Cast" VALUES(235,'2023-01-13 01:43:24','2023-01-13 02:33:42','',1668,68,0,38,3,3,3,3,NULL,NULL,NULL,NULL,NULL,NULL);
INSERT INTO "Cast" VALUES(237,'2023-01-13 04:07:53','2023-01-13 04:41:09','',1684,58,0,17,3,2,2,3,NULL,NULL,NULL,NULL,NULL,NULL);
INSERT INTO "Cast" VALUES(238,'2023-01-13 06:53:28','2023-01-13 07:54:53','',1728,48,0,10,3,2,2,3,NULL,9777,'2023-01-13 07:15:20.150000',58,9787,NULL);
INSERT INTO "Cast" VALUES(239,'2023-01-13 10:01:30','2023-01-13 10:56:50','',2500,39,0,-2,3,2,2,3,NULL,9787,'2023-01-13 10:38:57.400000',58,9787,NULL);
INSERT INTO "Cast" VALUES(240,'2023-01-14 06:04:21','2023-01-14 06:26:39','',1379,56,0,-4,3,2,2,3,NULL,NULL,NULL,NULL,NULL,NULL);
INSERT INTO "Cast" VALUES(241,'2023-01-14 07:57:10','2023-01-14 08:38:37','',1385,57,0,-5,3,2,2,3,NULL,NULL,NULL,NULL,NULL,NULL);
INSERT INTO "Cast" VALUES(244,'2023-01-14 09:21:01','2023-01-14 10:11:23','',2065,57,0,-3,3,2,2,3,NULL,NULL,NULL,NULL,NULL,NULL);
INSERT INTO "Cast" VALUES(245,'2023-01-14 17:21:13','2023-01-14 18:08:17','',1496,13,0,1,3,2,2,3,NULL,NULL,NULL,NULL,NULL,NULL);
INSERT INTO "Cast" VALUES(246,'2023-01-14 20:07:00','2023-01-14 21:35:05','',1178,13,0,0,3,2,2,3,NULL,NULL,NULL,NULL,NULL,NULL);
INSERT INTO "Cast" VALUES(248,'2023-01-12 03:55:47','2023-01-12 04:41:09','',787,100,0,43,6,2,2,2,NULL,9588,'2023-01-12 04:11:49.827000',95,9631,NULL);
INSERT INTO "Cast" VALUES(249,'2023-01-12 07:20:33','2023-01-12 08:05:03','',880,225,0,169,6,2,2,2,NULL,NULL,NULL,NULL,NULL,NULL);
INSERT INTO "Cast" VALUES(250,'2023-01-12 10:09:36','2023-01-12 11:04:56','',827,250,0,176,6,2,2,2,NULL,9455,'2023-01-12 10:29:26.877000',95,9631,NULL);
INSERT INTO "Cast" VALUES(251,'2023-01-12 12:34:17','2023-01-12 14:23:36','',936,280,0,62,6,2,2,2,NULL,9569,'2023-01-12 13:16:00.197000',95,9631,NULL);
INSERT INTO "Cast" VALUES(252,'2023-01-12 20:49:03','2023-01-12 21:22:25','',1444,139,0,19,6,2,2,2,NULL,NULL,NULL,NULL,NULL,NULL);
INSERT INTO "Cast" VALUES(253,'2023-01-12 22:56:46','2023-01-12 23:47:11','',1034,115,0,104,6,2,2,2,NULL,9527,'2023-01-12 23:20:56.337000',95,9631,NULL);
INSERT INTO "Cast" VALUES(254,'2023-01-13 01:59:38','2023-01-13 02:45:59','',1072,81,0,39,6,2,2,2,NULL,NULL,NULL,NULL,NULL,NULL);
INSERT INTO "Cast" VALUES(255,'2023-01-13 04:31:22','2023-01-13 05:03:58','',947,65,0,15,6,2,2,2,NULL,NULL,NULL,NULL,NULL,NULL);
INSERT INTO "Cast" VALUES(256,'2023-01-13 07:10:21','2023-01-13 07:43:47','',1190,52,0,3,6,2,2,2,NULL,NULL,NULL,NULL,NULL,NULL);
INSERT INTO "Cast" VALUES(257,'2023-01-13 10:31:40','2023-01-13 10:52:42','',912,50,0,-3,6,2,2,2,NULL,9631,'2023-01-13 10:47:07.843000',95,9631,NULL);
INSERT INTO "Cast" VALUES(268,'2023-02-25 11:21:04','2023-02-25 14:24:37','',1776,1000,0,-3,7,1,1,3,NULL,9787,'2023-02-25 12:19:29.223000',58,9787,NULL);
INSERT INTO "Cast" VALUES(269,'2023-02-25 23:25:34','2023-02-26 04:46:46','',3258,4273,0,1405,7,1,1,3,NULL,8382,'2023-02-26 00:25:34.447000',58,9787,NULL);
INSERT INTO "Cast" VALUES(270,'2023-02-26 04:46:50','2023-02-26 10:35:06','',3159,4230,0,929,7,1,1,3,NULL,8858,'2023-02-26 05:56:35.163000',58,9787,NULL);
INSERT INTO "Cast" VALUES(271,'2023-02-27 07:43:34','2023-02-27 13:41:34','',3455,4680,0,1301,7,1,1,3,NULL,8486,'2023-02-27 09:05:55.897000',58,9787,NULL);
INSERT INTO "Cast" VALUES(433,'2023-02-28 00:27:00','2023-02-28 04:17:00','',3415,4650,0,1562,7,1,1,3,NULL,8225,'2023-02-28 00:57:56.437000',58,9787,NULL);
INSERT INTO "Cast" VALUES(434,'2023-03-03 22:57:00','2023-03-04 02:50:00','',3423,4600,0,1345,7,2,1,3,NULL,8442,'2023-03-03 23:27:27.473000',58,9787,NULL);
INSERT INTO "Cast" VALUES(435,'2023-03-04 04:07:00','2023-03-04 06:01:00','',2027,1500,0,739,7,1,1,3,NULL,9048,'2023-03-04 04:24:58.630000',58,9787,NULL);
INSERT INTO "Cast" VALUES(436,'2023-03-04 20:50:00','2023-03-05 00:07:00','',1757,1800,0,644,7,1,1,3,NULL,9143,'2023-03-04 21:06:31.933000',58,9787,NULL);
INSERT INTO "Cast" VALUES(437,'2023-03-05 20:52:00','2023-03-06 01:03:00','',2689,3400,0,1133,7,1,1,3,NULL,8654,'2023-03-05 21:17:05.383000',58,9787,NULL);
INSERT INTO "Cast" VALUES(438,'2023-03-06 01:38:00','2023-03-06 03:20:00','',2895,4050,0,3445,7,1,1,3,NULL,6342,'2023-03-06 02:04:59.280000',58,9787,NULL);
INSERT INTO "Cast" VALUES(439,'2023-03-06 01:50:00','2023-03-06 08:30:00','',2895,4050,0,2853,7,1,1,3,NULL,6934,'2023-03-06 02:16:33.237000',58,9787,NULL);
INSERT INTO "Cast" VALUES(451,'2023-04-04 17:15:00','2023-04-04 17:29:00','',-48,15,0,15,14,8,9,3,NULL,9764,'2023-04-04 17:25:31.267000',58,9779,NULL);
INSERT INTO "Cast" VALUES(452,'2023-04-07 13:17:00','2023-04-07 13:27:00','',958,5,0,5,14,3,3,3,NULL,9774,'2023-04-07 13:23:39.113000',58,9779,NULL);
INSERT INTO "Cast" VALUES(453,'2023-04-07 15:14:00','2023-04-07 20:00:00','end time not recorded',739,20,0,2,4,9,8,3,NULL,9777,'2023-04-07 18:52:45.137000',58,9779,NULL);
INSERT INTO "Cast" VALUES(454,'2023-04-07 02:23:00','2023-04-07 02:55:00','',869,5,0,5,14,8,8,3,NULL,9774,'2023-04-07 02:49:56.567000',58,9779,NULL);
INSERT INTO "Cast" VALUES(455,'2023-04-07 00:36:00','2023-04-07 00:54:00','',2061,5,0,5,14,8,8,3,NULL,9774,'2023-04-07 00:37:24.887000',58,9779,NULL);
INSERT INTO "Cast" VALUES(456,'2023-04-06 21:58:00','2023-04-07 00:27:00','',188,16,0,16,4,8,3,3,NULL,9763,'2023-04-06 22:09:29.860000',58,9779,NULL);
INSERT INTO "Cast" VALUES(457,'2023-04-06 18:17:00','2023-04-06 19:00:00','end time not recorded',2442,10,0,1,14,9,9,3,NULL,9778,'2023-04-06 18:32:44.937000',58,9779,NULL);
INSERT INTO "Cast" VALUES(458,'2023-04-06 15:35:00','2023-04-06 17:58:00','',2018,15,0,15,4,9,8,3,NULL,9764,'2023-04-06 15:39:51.950000',58,9779,NULL);
INSERT INTO "Cast" VALUES(459,'2023-04-05 20:45:00','2023-04-06 00:27:00','',173,20,0,10,4,8,3,3,NULL,9769,'2023-04-05 20:51:57.027000',58,9779,NULL);
INSERT INTO "Cast" VALUES(460,'2023-04-05 19:17:00','2023-04-05 19:38:00','',1633,10,0,10,14,8,8,3,NULL,9769,'2023-04-05 19:24:02.210000',58,9779,NULL);
INSERT INTO "Cast" VALUES(461,'2023-04-05 10:30:00','2023-04-05 11:14:00','',894,38,0,38,14,3,3,3,NULL,9741,'2023-04-05 11:06:10.543000',58,9779,NULL);
INSERT INTO "Cast" VALUES(462,'2023-04-05 05:48:00','2023-04-05 09:22:00','',288,20,0,20,4,3,9,3,NULL,9759,'2023-04-05 05:55:47.523000',58,9779,NULL);
INSERT INTO "Cast" VALUES(463,'2023-04-04 20:40:00','2023-04-05 01:03:00','',212,12,0,10,4,8,3,3,NULL,9769,'2023-04-04 21:15:54.727000',58,9779,NULL);
INSERT INTO "Cast" VALUES(464,'2023-03-20 03:40:00','2023-03-21 13:41:42','',21,5,0,5,14,8,8,3,NULL,9774,'2023-03-21 10:32:37.450000',58,9779,NULL);
INSERT INTO "Cast" VALUES(465,'2023-04-20 01:40:00','2023-04-20 01:42:00','',860,100,0,89,14,8,8,2,NULL,9542,'2023-04-20 00:29:59.687000',95,9631,NULL);
INSERT INTO "Cast" VALUES(466,'2023-04-20 17:06:00','2023-04-20 17:20:00','',496,40,0,-7,14,8,8,2,NULL,9631,'2023-04-20 17:07:46.293000',95,9631,NULL);
INSERT INTO "Cast" VALUES(467,'2023-04-20 17:22:00','2023-04-20 17:32:00','',552,40,0,0,14,8,8,2,NULL,9631,'2023-04-20 17:31:15.813000',95,9631,NULL);
INSERT INTO "Cast" VALUES(468,'2023-04-20 17:37:00','2023-04-20 17:46:00','',690,40,0,4,14,8,8,2,NULL,9627,'2023-04-20 17:45:51.683000',95,9631,NULL);
INSERT INTO "Cast" VALUES(469,'2023-04-20 17:49:00','2023-04-20 17:58:00','',772,40,0,0,14,8,8,2,NULL,9631,'2023-04-20 17:57:39.747000',95,9631,NULL);
INSERT INTO "Cast" VALUES(470,'2023-04-21 00:55:00','2023-04-21 02:00:00','',797,40,0,-3,14,8,8,2,NULL,9631,'2023-04-21 00:57:37.067000',95,9631,NULL);
INSERT INTO "Cast" VALUES(471,'2023-04-21 18:55:00','2023-04-21 19:53:00','',-22,50,0,-1,14,1,10,2,NULL,9631,'2023-04-21 19:36:04.567000',95,9631,NULL);
INSERT INTO "Cast" VALUES(472,'2023-04-22 00:50:00','2023-04-22 02:00:00','',90,50,0,9,14,1,10,2,NULL,9622,'2023-04-22 01:54:47.630000',95,9631,NULL);
INSERT INTO "Cast" VALUES(473,'2023-04-22 18:50:00','2023-04-22 20:02:00','',-81,77,0,37,14,9,8,2,NULL,9594,'2023-04-22 18:51:27.313000',95,9631,NULL);
INSERT INTO "Cast" VALUES(474,'2023-04-23 00:20:00','2023-04-23 01:50:00','',107,50,0,47,14,1,10,2,NULL,9584,'2023-04-23 01:26:12.533000',95,9631,NULL);
INSERT INTO "Cast" VALUES(475,'2023-04-20 15:37:00','2023-04-20 16:08:00','',515,158,0,-2,2,1,1,3,NULL,9779,'2023-04-20 16:06:51.360000',58,9779,NULL);
INSERT INTO "Cast" VALUES(476,'2023-04-20 18:09:00','2023-04-20 18:34:00','',614,146,0,-3,2,8,8,3,NULL,9779,'2023-04-20 18:32:37.120000',58,9779,NULL);
INSERT INTO "Cast" VALUES(477,'2023-04-21 18:08:00','2023-04-21 18:45:00','',666,234,0,-3,2,1,10,3,NULL,9779,'2023-04-21 18:43:16.917000',58,9779,NULL);
INSERT INTO "Cast" VALUES(478,'2023-04-22 18:02:00','2023-04-22 18:31:00','',682,221,0,-4,2,8,8,3,NULL,9779,'2023-04-22 18:29:23.320000',58,9779,NULL);
INSERT INTO "Cast" VALUES(479,'2023-06-02 16:55:00','2023-06-02 17:08:00','',865,218,0,171,15,8,8,1,NULL,9016,'2023-06-02 17:02:47.937000',0,9187,NULL);
INSERT INTO "Cast" VALUES(480,'2023-06-02 17:37:00','2023-06-02 17:49:00','',905,196,0,164,15,8,8,1,NULL,9023,'2023-06-02 17:43:53.077000',0,9187,NULL);
INSERT INTO "Cast" VALUES(481,'2023-06-02 18:14:00','2023-06-02 18:26:00','',886,199,0,131,15,8,8,1,NULL,9056,'2023-06-02 18:21:47.253000',0,9187,NULL);
INSERT INTO "Cast" VALUES(482,'2023-06-02 18:48:00','2023-06-02 19:00:00','',922,212,0,203,15,8,8,1,NULL,8984,'2023-06-02 18:54:29.540000',0,9187,NULL);
INSERT INTO "Cast" VALUES(483,'2023-06-02 19:27:00','2023-06-02 19:39:00','',944,215,0,161,15,8,8,1,NULL,9026,'2023-06-02 19:33:45.130000',0,9187,NULL);
INSERT INTO "Cast" VALUES(484,'2023-06-02 19:56:00','2023-06-02 20:11:00','',850,216,0,163,15,2,2,1,NULL,9024,'2023-06-02 20:06:06.690000',0,9187,NULL);
INSERT INTO "Cast" VALUES(485,'2023-06-02 20:27:00','2023-06-02 20:44:00','',859,186,0,148,15,2,2,1,NULL,9039,'2023-06-02 20:38:22.210000',0,9187,NULL);
INSERT INTO "Cast" VALUES(486,'2023-06-02 21:04:00','2023-06-02 21:19:00','',962,206,0,197,15,3,3,1,NULL,8990,'2023-06-02 21:13:24.093000',0,9187,NULL);
INSERT INTO "Cast" VALUES(487,'2023-06-02 21:36:00','2023-06-02 21:49:00','',876,185,0,168,15,2,2,1,NULL,9019,'2023-06-02 21:43:43.987000',0,9187,NULL);
INSERT INTO "Cast" VALUES(488,'2023-06-02 22:05:00','2023-06-02 22:20:00','',898,196,0,157,15,2,2,1,NULL,9030,'2023-06-02 22:14:57.203000',0,9187,NULL);
INSERT INTO "Cast" VALUES(489,'2023-06-02 22:35:00','2023-06-02 22:49:00','',962,184,0,132,15,2,2,1,NULL,9055,'2023-06-02 22:44:57.130000',0,9187,NULL);
INSERT INTO "Cast" VALUES(490,'2023-06-02 23:03:00','2023-06-02 23:19:00','',845,180,0,160,15,2,2,1,NULL,9027,'2023-06-02 23:15:23.030000',0,9187,NULL);
INSERT INTO "Cast" VALUES(491,'2023-06-01 13:23:00','2023-06-01 13:40:00','',979,184,0,137,15,2,2,1,NULL,9050,'2023-06-01 13:35:37.847000',0,9187,NULL);
INSERT INTO "Cast" VALUES(492,'2023-06-01 13:58:00','2023-06-01 14:13:00','',1457,186,0,-1,15,2,2,1,NULL,9187,'2023-06-01 14:12:07.617000',0,9187,NULL);
INSERT INTO "Cast" VALUES(493,'2023-06-01 14:40:00','2023-06-01 14:58:00','',787,183,0,148,15,2,2,1,NULL,9039,'2023-06-01 14:52:40.087000',0,9187,NULL);
INSERT INTO "Cast" VALUES(494,'2023-06-01 15:26:00','2023-06-01 15:42:00','',856,184,0,148,15,2,2,1,NULL,9039,'2023-06-01 15:36:59.157000',0,9187,NULL);
INSERT INTO "Cast" VALUES(495,'2023-06-01 16:14:00','2023-06-01 16:25:00','',874,190,0,140,15,2,8,1,NULL,9047,'2023-06-01 16:20:11.417000',0,9187,NULL);
INSERT INTO "Cast" VALUES(496,'2023-06-01 16:45:00','2023-06-01 16:59:00','',869,238,0,173,15,8,8,1,NULL,9014,'2023-06-01 16:53:19.683000',0,9187,NULL);
INSERT INTO "Cast" VALUES(497,'2023-06-01 17:06:00','2023-06-01 17:18:00','',818,194,0,174,15,8,8,1,NULL,9013,'2023-06-01 17:12:33.873000',0,9187,NULL);
INSERT INTO "Cast" VALUES(498,'2023-06-01 17:26:00','2023-06-01 17:38:00','',897,190,0,186,15,8,8,1,NULL,9001,'2023-06-01 17:32:30.747000',0,9187,NULL);
INSERT INTO "Cast" VALUES(499,'2023-06-01 17:45:00','2023-06-01 17:58:00','',875,194,0,171,15,8,8,1,NULL,9016,'2023-06-01 17:52:17.587000',0,9187,NULL);
INSERT INTO "Cast" VALUES(500,'2023-06-01 18:06:00','2023-06-01 18:18:00','',851,188,0,175,15,8,8,1,NULL,9012,'2023-06-01 18:12:33.067000',0,9187,NULL);
INSERT INTO "Cast" VALUES(501,'2023-06-01 18:27:00','2023-06-01 18:38:00','',774,193,0,153,15,8,8,1,NULL,9034,'2023-06-01 18:33:43.813000',0,9187,NULL);
INSERT INTO "Cast" VALUES(502,'2023-06-01 18:47:00','2023-06-01 18:58:00','',931,184,0,139,15,8,8,1,NULL,9048,'2023-06-01 18:53:32.673000',0,9187,NULL);
INSERT INTO "Cast" VALUES(503,'2023-06-01 19:06:00','2023-06-01 19:18:00','',824,187,0,177,15,8,8,1,NULL,9010,'2023-06-01 19:12:36.257000',0,9187,NULL);
INSERT INTO "Cast" VALUES(504,'2023-06-01 19:28:00','2023-06-01 19:40:00','',814,182,0,128,15,8,8,1,NULL,9059,'2023-06-01 19:35:29.043000',0,9187,NULL);
INSERT INTO "Cast" VALUES(505,'2023-06-02 10:06:00','2023-06-02 10:23:00','',955,183,0,173,15,2,2,1,NULL,9014,'2023-06-02 10:17:21.297000',0,9187,NULL);
INSERT INTO "Cast" VALUES(506,'2023-06-02 10:40:00','2023-06-02 10:56:00','',983,197,0,124,15,2,2,1,NULL,9063,'2023-06-02 10:51:44.520000',0,9187,NULL);
INSERT INTO "Cast" VALUES(507,'2023-06-02 11:17:00','2023-06-02 11:30:00','',820,205,0,191,15,2,2,1,NULL,8996,'2023-06-02 11:24:19.567000',0,9187,NULL);
INSERT INTO "Cast" VALUES(508,'2023-06-02 11:53:00','2023-06-02 12:08:00','',903,223,0,169,15,2,2,1,NULL,9018,'2023-06-02 12:06:41.060000',0,9187,NULL);
INSERT INTO "Cast" VALUES(509,'2023-06-02 12:32:00','2023-06-02 12:50:00','',1252,240,0,240,15,2,2,1,NULL,8947,'2023-06-02 12:42:52.247000',0,9187,NULL);
INSERT INTO "Cast" VALUES(510,'2023-06-02 14:25:00','2023-06-02 14:48:00','',1000,304,0,241,15,2,2,1,NULL,8946,'2023-06-02 14:41:18.683000',0,9187,NULL);
INSERT INTO "Cast" VALUES(511,'2023-06-02 15:13:00','2023-06-02 15:32:00','',920,215,0,182,15,2,2,1,NULL,9005,'2023-06-02 15:25:52.837000',0,9187,NULL);
INSERT INTO "Cast" VALUES(512,'2023-06-02 16:02:00','2023-06-02 16:15:00','',966,217,0,120,15,8,8,1,NULL,9067,'2023-06-02 16:10:03.883000',0,9187,NULL);
INSERT INTO "Cast" VALUES(513,'2023-05-31 13:51:00','2023-05-31 14:51:00','',1178,250,0,190,15,2,2,1,NULL,8997,'2023-05-31 14:43:57.010000',0,9187,NULL);
INSERT INTO "Cast" VALUES(514,'2023-05-31 15:10:00','2023-05-31 15:26:00','',1128,253,0,170,15,2,2,1,NULL,9017,'2023-05-31 15:19:09.910000',0,9187,NULL);
INSERT INTO "Cast" VALUES(515,'2023-05-31 15:38:00','2023-05-31 15:58:00','',1059,250,0,195,15,8,8,1,NULL,8992,'2023-05-31 15:51:57.077000',0,9187,NULL);
INSERT INTO "Cast" VALUES(516,'2023-05-31 16:40:00','2023-05-31 16:54:00','',1116,249,0,141,15,8,8,1,NULL,9046,'2023-05-31 16:49:10.537000',0,9187,NULL);
INSERT INTO "Cast" VALUES(517,'2023-05-31 17:32:00','2023-05-31 17:50:00','',1033,250,0,219,15,8,8,1,NULL,8968,'2023-05-31 17:41:41.460000',0,9187,NULL);
INSERT INTO "Cast" VALUES(518,'2023-05-31 18:25:00','2023-05-31 18:43:00','',1127,250,0,197,15,8,8,1,NULL,8990,'2023-05-31 18:36:41.197000',0,9187,NULL);
INSERT INTO "Cast" VALUES(519,'2023-05-31 19:18:00','2023-05-31 19:37:00','',1038,250,0,200,15,8,8,1,NULL,8987,'2023-05-31 19:31:06.370000',0,9187,NULL);
INSERT INTO "Cast" VALUES(520,'2023-05-31 20:08:00','2023-05-31 20:29:00','',1079,250,0,225,15,2,2,1,NULL,8962,'2023-05-31 20:22:45.110000',0,9187,NULL);
INSERT INTO "Cast" VALUES(521,'2023-05-31 21:04:00','2023-05-31 21:21:00','',1037,250,0,171,15,3,3,1,NULL,9016,'2023-05-31 21:15:46.757000',0,9187,NULL);
INSERT INTO "Cast" VALUES(522,'2023-05-31 21:53:00','2023-05-31 22:11:00','',1040,250,0,224,15,2,2,1,NULL,8963,'2023-05-31 22:04:46.707000',0,9187,NULL);
INSERT INTO "Cast" VALUES(523,'2023-05-31 22:41:00','2023-05-31 23:03:00','',971,250,0,200,15,2,2,1,NULL,8987,'2023-05-31 22:56:58.107000',0,9187,NULL);
INSERT INTO "Cast" VALUES(524,'2023-05-31 23:30:00','2023-05-31 23:53:00','',1060,250,0,229,15,2,2,1,NULL,8958,'2023-05-31 23:45:51.640000',0,9187,NULL);
INSERT INTO "Cast" VALUES(525,'2023-06-01 00:20:00','2023-06-01 00:36:00','',1071,250,0,236,15,2,2,1,NULL,8951,'2023-06-01 00:29:17.347000',0,9187,NULL);
INSERT INTO "Cast" VALUES(526,'2023-06-01 00:45:00','2023-06-01 01:09:00','',1096,250,0,152,15,2,2,1,NULL,9035,'2023-06-01 00:56:56.507000',0,9187,NULL);
INSERT INTO "Cast" VALUES(527,'2023-06-01 09:56:00','2023-06-01 10:17:00','',1051,250,0,201,15,2,2,1,NULL,8986,'2023-06-01 10:10:11.420000',0,9187,NULL);
INSERT INTO "Cast" VALUES(528,'2023-06-01 10:25:00','2023-06-01 10:41:00','',950,200,0,169,15,2,2,1,NULL,9018,'2023-06-01 10:35:23.863000',0,9187,NULL);
INSERT INTO "Cast" VALUES(529,'2023-06-01 10:46:00','2023-06-01 11:04:00','',982,249,0,207,15,2,2,1,NULL,8980,'2023-06-01 10:58:13.607000',0,9187,NULL);
INSERT INTO "Cast" VALUES(530,'2023-06-01 11:09:00','2023-06-01 11:23:00','',854,186,0,179,15,2,2,1,NULL,9008,'2023-06-01 11:17:25.267000',0,9187,NULL);
INSERT INTO "Cast" VALUES(531,'2023-06-01 11:29:00','2023-06-01 11:47:00','',977,194,0,176,15,2,2,1,NULL,9011,'2023-06-01 11:42:01.173000',0,9187,NULL);
INSERT INTO "Cast" VALUES(532,'2023-06-01 11:55:00','2023-06-01 12:22:00','',870,197,0,176,15,2,2,1,NULL,9011,'2023-06-01 12:15:33.073000',0,9187,NULL);
INSERT INTO "Cast" VALUES(533,'2023-06-01 12:28:00','2023-06-01 12:44:00','',853,187,0,141,15,2,2,1,NULL,9046,'2023-06-01 12:38:28.347000',0,9187,NULL);
INSERT INTO "Cast" VALUES(534,'2023-06-01 12:52:00','2023-06-01 13:06:00','',863,182,0,182,15,2,2,1,NULL,9005,'2023-06-01 13:00:44.410000',0,9187,NULL);
INSERT INTO "Cast" VALUES(535,'2023-05-15 16:56:00','2023-05-15 17:49:00','',781,32,0,28,17,1,1,1,NULL,9159,'2023-05-15 17:43:54.110000',0,9187,NULL);
INSERT INTO "Cast" VALUES(536,'2023-05-16 04:52:00','2023-05-16 05:24:00','',996,29,0,24,17,1,1,1,NULL,9163,'2023-05-16 05:02:32.477000',0,9187,NULL);
INSERT INTO "Cast" VALUES(537,'2023-05-18 22:05:00','2023-05-18 23:00:00','',1128,49,0,36,17,2,2,1,NULL,9151,'2023-05-18 22:53:07.797000',0,9187,NULL);
INSERT INTO "Cast" VALUES(538,'2023-05-20 12:14:00','2023-05-20 12:28:00','',945,45,0,7,17,1,1,1,NULL,9180,'2023-05-20 12:21:38.917000',0,9187,NULL);
INSERT INTO "Cast" VALUES(539,'2023-05-20 16:20:00','2023-05-20 16:40:00','',420,47,0,47,17,1,1,1,NULL,9140,'2023-05-20 16:37:39.613000',0,9187,NULL);
INSERT INTO "Cast" VALUES(540,'2023-05-21 00:55:00','2023-05-21 01:25:00','',1062,47,0,20,17,10,10,1,NULL,9167,'2023-05-21 00:57:53.747000',0,9187,NULL);
INSERT INTO "Cast" VALUES(541,'2023-05-22 03:05:00','2023-05-22 03:50:00','',566,45,0,45,17,10,10,1,NULL,9142,'2023-05-22 03:42:57.623000',0,9187,NULL);
INSERT INTO "Cast" VALUES(542,'2023-05-22 12:10:00','2023-05-22 13:45:00','',1031,45,0,11,17,10,10,1,NULL,9176,'2023-05-22 12:19:12.980000',0,9187,NULL);
INSERT INTO "Cast" VALUES(543,'2023-05-23 00:40:00','2023-05-23 01:30:00','',824,45,0,-3,17,10,10,1,NULL,9187,'2023-05-23 01:15:18.217000',0,9187,NULL);
INSERT INTO "Cast" VALUES(544,'2023-05-23 02:25:00','2023-05-23 03:20:00','',1071,45,0,44,17,10,10,1,NULL,9143,'2023-05-23 02:28:11.723000',0,9187,NULL);
INSERT INTO "Cast" VALUES(545,'2023-05-23 22:35:00','2023-05-23 23:07:00','',814,45,0,-3,17,2,2,1,NULL,9187,'2023-05-23 22:58:46.057000',0,9187,NULL);
INSERT INTO "Cast" VALUES(546,'2023-05-24 05:46:00','2023-05-24 06:16:00','',1048,45,0,26,17,1,1,1,NULL,9161,'2023-05-24 05:56:20.287000',0,9187,NULL);
INSERT INTO "Cast" VALUES(547,'2023-07-01 20:52:00','2023-07-01 21:23:00','',1542,8,0,-4,3,3,3,3,NULL,9772,'2023-07-01 21:20:04.603000',58,9772,NULL);
INSERT INTO "Cast" VALUES(548,'2023-07-03 11:30:00','2023-07-03 14:30:00','',2000,2771,0,2721,3,10,3,3,NULL,7051,'2023-07-03 12:28:44.580000',58,9772,NULL);
INSERT INTO "Cast" VALUES(549,'2023-07-04 11:20:00','2023-07-04 12:20:00','',1554,501,0,-3,3,2,3,3,NULL,9772,'2023-07-04 12:05:48.957000',58,9772,NULL);
INSERT INTO "Cast" VALUES(550,'2023-07-04 20:03:00','2023-07-04 20:29:00','',1144,188,0,-5,3,3,3,2,NULL,9631,'2023-07-04 20:28:08.710000',95,9631,NULL);
INSERT INTO "Cast" VALUES(551,'2023-07-05 11:12:00','2023-07-05 11:33:00','',1248,53,0,-4,3,3,3,2,NULL,9631,'2023-07-05 11:32:01.620000',95,9631,NULL);
INSERT INTO "Cast" VALUES(552,'2023-07-05 15:15:00','2023-07-05 15:33:00','',1354,100,0,1,3,2,2,2,NULL,9630,'2023-07-05 15:31:32.277000',95,9631,NULL);
INSERT INTO "Cast" VALUES(553,'2023-07-05 23:34:00','2023-07-05 23:55:00','',1497,18,0,-2,3,2,3,2,NULL,9631,'2023-07-05 23:52:44.467000',95,9631,NULL);
INSERT INTO "Cast" VALUES(554,'2023-07-06 14:56:00','2023-07-06 16:35:00','',1038,21,0,-4,3,2,2,2,NULL,9631,'2023-07-06 15:15:42.477000',95,9631,NULL);
INSERT INTO "Cast" VALUES(555,'2023-07-06 19:15:00','2023-07-06 19:35:00','',1297,36,0,-2,3,2,10,2,NULL,9631,'2023-07-06 19:33:49.343000',95,9631,NULL);
INSERT INTO "Cast" VALUES(556,'2023-07-06 22:45:00','2023-07-06 23:03:00','',1271,27,0,-4,3,3,3,2,NULL,9631,'2023-07-06 23:00:50.203000',95,9631,NULL);
INSERT INTO "Cast" VALUES(557,'2023-07-07 10:25:00','2023-07-07 10:49:00','',1309,18,0,-4,3,3,3,2,NULL,9631,'2023-07-07 10:47:58.083000',95,9631,NULL);
INSERT INTO "Cast" VALUES(558,'2023-07-07 17:35:00','2023-07-07 17:55:00','',1117,18,0,-5,3,2,10,2,NULL,9631,'2023-07-07 17:50:55.843000',95,9631,NULL);
INSERT INTO "Cast" VALUES(559,'2023-07-07 21:13:00','2023-07-07 21:32:00','',1120,33,0,-6,3,3,3,2,NULL,9631,'2023-07-07 21:30:56.847000',95,9631,NULL);
INSERT INTO "Cast" VALUES(560,'2023-07-08 10:25:00','2023-07-08 10:42:00','',1238,22,0,-4,3,3,3,2,NULL,9631,'2023-07-08 10:40:42.660000',95,9631,NULL);
INSERT INTO "Cast" VALUES(561,'2023-07-08 18:50:00','2023-07-08 19:05:00','',985,16,0,-5,3,2,10,2,NULL,9631,'2023-07-08 19:01:43.157000',95,9631,NULL);
INSERT INTO "Cast" VALUES(562,'2023-07-09 11:06:00','2023-07-09 11:32:00','',1226,46,0,-1,3,1,2,2,NULL,9631,'2023-07-09 11:31:00.907000',95,9631,NULL);
INSERT INTO "Cast" VALUES(563,'2023-07-09 17:20:00','2023-07-09 17:45:00','',1056,103,0,-2,3,3,10,2,NULL,9631,'2023-07-09 17:39:55.820000',95,9631,NULL);
INSERT INTO "Cast" VALUES(564,'2023-07-09 22:30:00','2023-07-09 23:13:00','',904,204,0,-5,3,1,1,2,NULL,9631,'2023-07-09 22:44:59.813000',95,9631,NULL);
INSERT INTO "Cast" VALUES(565,'2023-07-10 01:05:00','2023-07-10 01:32:00','',1372,201,0,-5,3,2,2,2,NULL,9631,'2023-07-10 01:31:17.503000',95,9631,NULL);
INSERT INTO "Cast" VALUES(566,'2023-07-10 11:14:00','2023-07-10 11:48:00','',1283,350,0,-4,3,2,1,2,NULL,9631,'2023-07-10 11:46:40.413000',95,9631,NULL);
INSERT INTO "Cast" VALUES(567,'2023-07-10 15:08:00','2023-07-10 15:33:00','',950,98,0,-4,3,2,2,2,NULL,9631,'2023-07-10 15:30:36.723000',95,9631,NULL);
INSERT INTO "Cast" VALUES(568,'2023-07-11 11:25:00','2023-07-11 11:50:00','',1208,251,0,-4,3,3,10,2,NULL,9631,'2023-07-11 11:44:44.910000',95,9631,NULL);
INSERT INTO "Cast" VALUES(569,'2023-07-11 18:03:00','2023-07-11 18:30:00','',1126,197,0,-4,3,2,10,2,NULL,9631,'2023-07-11 18:27:47.367000',95,9631,NULL);
INSERT INTO "Cast" VALUES(570,'2023-07-11 23:36:00','2023-07-12 00:00:00','',1442,95,0,-5,3,2,1,2,NULL,9631,'2023-07-11 23:59:03.593000',95,9631,NULL);
INSERT INTO "Cast" VALUES(571,'2023-07-12 11:20:00','2023-07-12 11:50:00','',1192,50,0,-4,3,1,10,2,NULL,9631,'2023-07-12 11:47:26.173000',95,9631,NULL);
INSERT INTO "Cast" VALUES(572,'2023-07-12 13:10:00','2023-07-12 13:30:00','',1011,32,0,-4,3,3,10,2,NULL,9631,'2023-07-12 13:25:39.877000',95,9631,NULL);
INSERT INTO "Cast" VALUES(573,'2023-07-12 15:50:00','2023-07-12 16:12:00','',1161,35,0,-3,3,3,10,2,NULL,9631,'2023-07-12 16:09:57.647000',95,9631,NULL);
INSERT INTO "Cast" VALUES(574,'2023-07-12 22:15:00','2023-07-12 22:34:00','',1157,41,0,-4,3,1,1,2,NULL,9631,'2023-07-12 22:33:12.380000',95,9631,NULL);
INSERT INTO "Cast" VALUES(576,'2023-07-12 15:17:30','2023-07-17 15:00:00','',1161,41,0,-3,3,2,2,2,NULL,9631,'2023-07-12 16:09:57.647000',95,9631,NULL);
INSERT INTO "Cast" VALUES(577,'2023-07-19 18:39:00','2023-07-19 18:58:00','',1022,-2,0,-7,13,8,8,1,NULL,9187,'2023-07-19 18:56:27.570000',0,9187,NULL);
INSERT INTO "Cast" VALUES(578,'2023-07-19 22:10:00','2023-07-19 23:38:00','',6126,-1,0,-7,13,1,1,1,NULL,9187,'2023-07-19 23:25:35.447000',0,9187,NULL);
INSERT INTO "Cast" VALUES(579,'2023-07-20 14:36:00','2023-07-20 14:46:00','',967,0,0,-4,13,8,8,1,NULL,9187,'2023-07-20 14:42:44.390000',0,9187,NULL);
INSERT INTO "Cast" VALUES(580,'2023-07-20 19:59:00','2023-07-20 20:21:00','',579,5,0,1,13,8,8,1,NULL,9186,'2023-07-20 20:17:43.243000',0,9187,NULL);
INSERT INTO "Cast" VALUES(581,'2023-07-20 21:48:00','2023-07-20 22:58:00','',4174,6,0,1,13,1,1,1,NULL,9186,'2023-07-20 22:49:54.820000',0,9187,NULL);
INSERT INTO "Cast" VALUES(582,'2023-07-18 19:05:00','2023-07-18 19:55:00','',1122,943,0,-3,3,8,8,3,NULL,9772,'2023-07-18 19:54:02.037000',58,9772,NULL);
INSERT INTO "Cast" VALUES(583,'2023-07-19 03:56:00','2023-07-19 08:03:00','',3202,4298,0,4199,3,1,8,3,NULL,5573,'2023-07-19 05:44:51.507000',58,9772,NULL);
INSERT INTO "Cast" VALUES(584,'2023-07-19 23:46:00','2023-07-20 03:46:00','end time approximate',3025,4290,0,4233,3,1,1,3,NULL,5539,'2023-07-20 01:31:58.040000',58,9772,NULL);
INSERT INTO "Cast" VALUES(585,'2023-07-20 05:22:00','2023-07-20 05:45:00','',1042,279,0,173,3,8,8,3,NULL,9599,'2023-07-20 05:36:36.997000',58,9772,NULL);
INSERT INTO "Cast" VALUES(586,'2023-07-20 06:10:00','2023-07-20 07:45:00','',2851,1536,0,-1,3,8,8,3,NULL,9772,'2023-07-20 07:37:57.367000',58,9772,NULL);
INSERT INTO "Cast" VALUES(587,'2023-07-20 23:10:00','2023-07-21 01:30:00','end time approximate',1573,1593,0,1547,3,1,1,3,NULL,8225,'2023-07-20 23:49:33.563000',58,9772,NULL);
INSERT INTO "Cast" VALUES(588,'2023-07-21 15:55:00','2023-07-21 16:22:00','',1211,349,0,260,3,8,8,3,NULL,9512,'2023-07-21 16:13:41.083000',58,9772,NULL);
INSERT INTO "Cast" VALUES(589,'2023-07-21 16:26:00','2023-07-21 20:35:00','',3178,4834,0,4796,3,2,8,3,NULL,4976,'2023-07-21 17:59:57.250000',58,9772,NULL);
INSERT INTO "Cast" VALUES(590,'2023-07-22 14:00:00','2023-07-27 14:00:00','',1622,-6,0,-6,3,3,1,3,NULL,9772,'2023-07-24 17:26:47.893000',58,9772,NULL);
INSERT INTO "Cast" VALUES(591,'2023-08-07 17:13:00','2023-08-07 17:42:00','',1702,16,0,-3,3,11,3,3,NULL,9559,'2023-08-07 17:40:32.107000',58,9559,NULL);
INSERT INTO "Cast" VALUES(592,'2023-08-08 06:20:00','2023-08-08 06:46:00','',1723,38,0,-2,3,1,1,3,NULL,9559,'2023-08-08 06:44:15.777000',58,9559,NULL);
INSERT INTO "Cast" VALUES(594,'2023-08-08 11:38:00','2023-08-08 11:57:00','',1318,58,0,-3,3,3,8,3,NULL,9559,'2023-08-08 11:41:05.023000',58,9559,NULL);
INSERT INTO "Cast" VALUES(595,'2023-08-08 13:16:00','2023-08-08 13:42:00','',1377,55,0,-3,3,3,11,3,NULL,9559,'2023-08-08 13:39:42.073000',58,9559,NULL);
INSERT INTO "Cast" VALUES(596,'2023-08-08 15:28:00','2023-08-08 16:04:00','',1784,59,0,-4,3,3,11,3,NULL,9559,'2023-08-08 16:02:24.813000',58,9559,NULL);
INSERT INTO "Cast" VALUES(597,'2023-08-08 20:33:00','2023-08-08 20:58:00','',1642,69,0,-3,3,3,8,3,NULL,9559,'2023-08-08 20:56:28.550000',58,9559,NULL);
INSERT INTO "Cast" VALUES(598,'2023-08-09 14:37:00','2023-08-09 15:13:00','',1990,508,0,29,3,3,11,3,NULL,9530,'2023-08-09 15:05:26.490000',58,9559,NULL);
INSERT INTO "Cast" VALUES(599,'2023-08-09 17:05:00','2023-08-09 17:43:00','',1814,525,0,470,3,11,11,3,NULL,9089,'2023-08-09 17:24:50.843000',58,9559,NULL);
INSERT INTO "Cast" VALUES(601,'2023-08-09 19:45:00','2023-08-09 20:25:00','',1932,519,0,-6,3,11,11,3,NULL,9559,'2023-08-09 20:24:13.360000',58,9559,NULL);
INSERT INTO "Cast" VALUES(602,'2023-08-09 23:57:00','2023-08-10 00:32:00','',1801,449,0,-5,3,11,11,3,NULL,9559,'2023-08-10 00:31:27.080000',58,9559,NULL);
INSERT INTO "Cast" VALUES(603,'2023-08-10 03:54:08','2023-08-10 04:56:00','',1609,162,0,-5,3,1,1,3,NULL,9559,'2023-08-10 04:35:37.607000',58,9559,NULL);
INSERT INTO "Cast" VALUES(604,'2023-08-10 06:12:00','2023-08-10 06:42:00','',1446,225,0,-4,3,1,1,3,NULL,9559,'2023-08-10 06:22:53.357000',58,9559,NULL);
INSERT INTO "Cast" VALUES(605,'2023-08-10 07:33:00','2023-08-10 08:08:00','',1762,202,0,-4,3,8,1,3,NULL,9559,'2023-08-10 08:07:15.610000',58,9559,NULL);
INSERT INTO "Cast" VALUES(606,'2023-08-10 21:36:00','2023-08-10 22:13:00','',1710,114,0,-4,3,8,3,3,NULL,9559,'2023-08-10 22:12:45.353000',58,9559,NULL);
INSERT INTO "Cast" VALUES(607,'2023-08-10 23:45:00','2023-08-11 00:31:00','',2007,134,0,-3,3,11,11,3,NULL,9559,'2023-08-11 00:28:48.063000',58,9559,NULL);
INSERT INTO "Cast" VALUES(608,'2023-08-11 04:36:00','2023-08-11 04:56:00','',1284,86,0,-2,3,1,1,3,NULL,9559,'2023-08-11 04:54:24.683000',58,9559,NULL);
INSERT INTO "Cast" VALUES(609,'2023-08-11 06:08:00','2023-08-11 06:24:00','Max tension due to radio spike.  True max tension ~700lbs',2643,29,0,10,3,1,1,3,NULL,9549,'2023-08-11 06:16:15',58,9559,NULL);
INSERT INTO "Cast" VALUES(610,'2023-08-11 07:05:00','2023-08-11 07:24:00','',1298,85,0,-1,3,1,1,3,NULL,9559,'2023-08-11 07:23:37.130000',58,9559,NULL);
INSERT INTO "Cast" VALUES(611,'2023-08-11 08:28:00','2023-08-11 09:01:00','',1823,87,0,-3,3,8,8,3,NULL,9559,'2023-08-11 08:59:46.453000',58,9559,NULL);
INSERT INTO "Cast" VALUES(612,'2023-08-11 20:36:00','2023-08-11 21:05:00','',1763,47,0,-3,3,3,8,3,NULL,9559,'2023-08-11 21:03:52.227000',58,9559,NULL);
INSERT INTO "Cast" VALUES(613,'2023-08-12 00:25:00','2023-08-12 00:40:00','',1259,40,0,-4,3,11,11,3,NULL,9559,'2023-08-12 00:25:57.640000',58,9559,NULL);
INSERT INTO "Cast" VALUES(614,'2023-08-12 01:50:00','2023-08-12 02:07:00','',1204,32,0,-4,3,11,11,3,NULL,9559,'2023-08-12 01:55:19.300000',58,9559,NULL);
INSERT INTO "Cast" VALUES(615,'2023-08-12 03:53:00','2023-08-12 04:16:00','',1280,38,0,-2,3,1,1,3,NULL,9559,'2023-08-12 04:15:01.317000',58,9559,NULL);
INSERT INTO "Cast" VALUES(616,'2023-08-12 08:06:00','2023-08-12 08:27:00','',1364,14,0,-3,3,8,8,3,NULL,9559,'2023-08-12 08:26:12.497000',58,9559,NULL);
INSERT INTO "Cast" VALUES(617,'2023-08-12 10:37:00','2023-08-12 10:48:00','',1226,24,0,-3,3,8,8,3,NULL,9559,'2023-08-12 10:37:06.807000',58,9559,NULL);
INSERT INTO "Cast" VALUES(618,'2023-08-07 17:46:00','2023-08-07 18:14:00','',348,20,0,0,20,3,3,2,NULL,9610,'2023-08-07 18:11:37.340000',95,9610,NULL);
INSERT INTO "Cast" VALUES(619,'2023-08-08 06:57:00','2023-08-08 07:17:00','',653,44,0,3,20,1,1,2,NULL,9607,'2023-08-08 07:15:07.397000',95,9610,NULL);
INSERT INTO "Cast" VALUES(620,'2023-08-08 16:09:00','2023-08-08 16:31:00','',244,66,0,2,20,1,1,2,NULL,9608,'2023-08-08 16:29:28.387000',95,9610,NULL);
INSERT INTO "Cast" VALUES(621,'2023-08-08 21:01:00','2023-08-08 21:27:00','End time approximate',383,87,0,0,20,3,3,2,NULL,9610,'2023-08-08 21:15:03.193000',95,9610,NULL);
INSERT INTO "Cast" VALUES(622,'2023-08-09 17:32:00','2023-08-09 19:23:00','',580,270,0,4,20,1,1,2,NULL,9606,'2023-08-09 18:52:49.577000',95,9610,NULL);
INSERT INTO "Cast" VALUES(623,'2023-08-10 00:44:00','2023-08-10 01:26:00','',766,311,0,-4,20,11,11,2,NULL,9610,'2023-08-10 01:24:41.303000',95,9610,NULL);
INSERT INTO "Cast" VALUES(624,'2023-08-10 08:25:00','2023-08-10 08:51:00','',470,235,0,1,20,8,8,2,NULL,9609,'2023-08-10 08:49:36.687000',95,9610,NULL);
INSERT INTO "Cast" VALUES(625,'2023-08-10 22:31:00','2023-08-10 22:46:00','',1209,134,0,0,20,8,8,2,NULL,9610,'2023-08-10 22:45:04.060000',95,9610,NULL);
INSERT INTO "Cast" VALUES(626,'2023-08-11 00:34:00','2023-08-11 01:00:00','',1109,181,0,3,20,11,11,2,NULL,9607,'2023-08-11 00:57:29.820000',95,9610,NULL);
INSERT INTO "Cast" VALUES(627,'2023-08-11 09:22:00','2023-08-11 09:40:00','',742,100,0,3,20,8,8,2,NULL,9607,'2023-08-11 09:37:53.590000',95,9610,NULL);
INSERT INTO "Cast" VALUES(628,'2023-08-11 21:07:00','2023-08-11 21:25:00','',681,99,0,1,20,3,3,2,NULL,9609,'2023-08-11 21:23:18.693000',95,9610,NULL);
INSERT INTO "Cast" VALUES(629,'2023-08-12 08:37:00','2023-08-12 08:44:00','',679,19,0,0,20,8,10,2,NULL,9610,'2023-08-12 08:42:40.253000',95,9610,NULL);
INSERT INTO "Cast" VALUES(630,'2023-08-08 17:24:00','2023-08-08 19:50:14','',1375,123,0,118,21,11,11,1,NULL,9049,'2023-08-08 19:38:54.880000',0,9167,NULL);
INSERT INTO "Cast" VALUES(631,'2023-08-09 20:48:00','2023-08-09 22:02:00','',2895,928,0,612,21,3,11,1,NULL,8555,'2023-08-09 21:29:54.420000',0,9167,NULL);
INSERT INTO "Cast" VALUES(632,'2023-08-10 20:30:00','2023-08-10 21:14:00','',848,70,0,63,21,8,8,1,NULL,9104,'2023-08-10 20:56:33.493000',0,9167,NULL);
INSERT INTO "Cast" VALUES(633,'2023-08-19 20:16:00','2023-08-19 21:13:00','max tension recorded from radio spoke.  Actual max tension ~200lbs',5165,7,0,-1,14,1,11,3,NULL,9559,'2023-08-19 20:18:07',58,9559,NULL);
INSERT INTO "Cast" VALUES(634,'2023-08-19 22:19:00','2023-08-19 22:34:00','',1203,25,0,1,14,11,11,3,NULL,9558,'2023-08-19 22:31:57.130000',58,9559,NULL);
INSERT INTO "Cast" VALUES(635,'2023-08-20 12:11:00','2023-08-20 12:31:00','',704,25,0,25,14,1,1,3,NULL,9534,'2023-08-20 12:15:37.433000',58,9559,NULL);
INSERT INTO "Cast" VALUES(636,'2023-08-20 12:47:00','2023-08-20 13:14:00','',1034,7,0,5,14,1,1,3,NULL,9554,'2023-08-20 12:52:44.720000',58,9559,NULL);
INSERT INTO "Cast" VALUES(637,'2023-08-20 14:11:00','2023-08-20 14:43:00','',479,43,0,43,4,1,1,3,NULL,9516,'2023-08-20 14:42:43.457000',58,9559,NULL);
INSERT INTO "Cast" VALUES(638,'2023-08-20 18:02:00','2023-08-20 18:15:00','',384,43,0,29,4,8,8,3,NULL,9530,'2023-08-20 18:05:47.227000',58,9559,NULL);
INSERT INTO "Cast" VALUES(639,'2023-08-21 03:27:00','2023-08-21 03:51:00','',1357,25,0,25,14,1,1,3,NULL,9534,'2023-08-21 03:47:07.637000',58,9559,NULL);
INSERT INTO "Cast" VALUES(640,'2023-08-21 04:04:00','2023-08-21 04:30:00','',2534,7,0,7,14,8,8,3,NULL,9552,'2023-08-21 04:06:24.233000',58,9559,NULL);
INSERT INTO "Cast" VALUES(641,'2023-08-21 05:01:00','2023-08-21 05:47:00','',1155,200,0,170,4,8,8,3,NULL,9389,'2023-08-21 05:26:05.767000',58,9559,NULL);
INSERT INTO "Cast" VALUES(642,'2023-08-21 09:51:00','2023-08-21 10:38:00','',850,200,0,189,4,11,11,3,NULL,9370,'2023-08-21 10:12:18.307000',58,9559,NULL);
INSERT INTO "Cast" VALUES(643,'2023-08-21 15:33:00','2023-08-21 16:17:00','',3458,150,0,140,4,1,1,3,NULL,9419,'2023-08-21 16:00:03.747000',58,9559,NULL);
INSERT INTO "Cast" VALUES(646,'2023-09-11 11:23:00','2023-09-11 12:21:00','',2844,110,0,110,23,2,2,1,NULL,9057,'2023-09-11 11:42:21.130000',0,9167,NULL);
INSERT INTO "Cast" VALUES(647,'2023-09-11 13:48:00','2023-09-11 14:28:00','',889,140,0,140,23,13,2,1,NULL,9027,'2023-09-11 13:48:25.720000',0,9167,NULL);
INSERT INTO "Cast" VALUES(648,'2023-09-11 16:45:00','2023-09-11 17:35:00','',1267,215,0,137,23,12,12,1,NULL,9030,'2023-09-11 16:48:46.190000',0,9167,NULL);
INSERT INTO "Cast" VALUES(649,'2023-09-11 19:12:00','2023-09-11 20:00:00','',1252,264,0,255,23,11,11,1,NULL,8912,'2023-09-11 19:13:09.507000',0,9167,NULL);
INSERT INTO "Cast" VALUES(650,'2023-09-12 17:17:00','2023-09-12 18:49:00','',5963,240,0,-2,22,12,12,1,NULL,9167,'2023-09-12 17:36:17.697000',0,9167,NULL);
INSERT INTO "Cast" VALUES(651,'2023-09-13 13:50:00','2023-09-13 14:40:00','',5863,188,0,-3,22,12,12,1,NULL,9167,'2023-09-13 14:19:52.863000',0,9167,NULL);
INSERT INTO "Cast" VALUES(652,'2023-09-13 19:09:00','2023-09-13 20:18:00','',5569,215,0,-3,22,2,11,1,NULL,9167,'2023-09-13 19:22:46.960000',0,9167,NULL);
INSERT INTO "Cast" VALUES(653,'2023-09-08 15:40:00','2023-09-08 18:20:00','',2846,4050,0,3977,3,13,3,3,NULL,5582,'2023-09-08 16:07:18.730000',58,9559,NULL);
INSERT INTO "Cast" VALUES(654,'2023-09-11 09:00:00','2023-09-11 09:23:00','',NULL,NULL,0,NULL,2,11,11,4,NULL,NULL,NULL,NULL,NULL,NULL);
INSERT INTO "Cast" VALUES(656,'2023-09-11 09:00:00','2023-09-11 09:23:00','',NULL,NULL,0,NULL,2,11,11,4,NULL,NULL,NULL,NULL,NULL,NULL);
INSERT INTO "Cast" VALUES(657,'2023-09-12 11:08:00','2023-09-12 11:39:00','',NULL,NULL,0,NULL,2,13,13,4,NULL,NULL,NULL,NULL,NULL,NULL);
INSERT INTO "Cast" VALUES(658,'2023-09-12 21:21:00','2023-09-12 21:46:00','',NULL,NULL,0,NULL,2,11,11,4,NULL,NULL,NULL,NULL,NULL,NULL);
INSERT INTO "Cast" VALUES(659,'2023-09-12 23:11:00','2023-09-12 23:40:00','',NULL,NULL,0,NULL,2,13,13,4,NULL,NULL,NULL,NULL,NULL,NULL);
INSERT INTO "Cast" VALUES(660,'2023-09-13 00:26:00','2023-09-13 00:41:00','',NULL,NULL,0,NULL,2,13,13,4,NULL,NULL,NULL,NULL,NULL,NULL);
INSERT INTO "Cast" VALUES(661,'2023-09-13 01:21:00','2023-09-13 01:44:00','',NULL,NULL,0,NULL,2,13,13,4,NULL,NULL,NULL,NULL,NULL,NULL);
INSERT INTO "Cast" VALUES(662,'2023-09-13 02:10:00','2023-09-13 02:27:00','',NULL,NULL,0,NULL,2,13,13,4,NULL,NULL,NULL,NULL,NULL,NULL);
INSERT INTO "Cast" VALUES(663,'2023-09-13 02:35:00','2023-09-13 02:57:00','',NULL,NULL,0,NULL,2,12,12,4,NULL,NULL,NULL,NULL,NULL,NULL);
INSERT INTO "Cast" VALUES(664,'2023-09-13 03:20:00','2023-09-13 03:44:00','',NULL,NULL,0,NULL,2,12,12,4,NULL,NULL,NULL,NULL,NULL,NULL);
INSERT INTO "Cast" VALUES(665,'2023-09-13 04:16:00','2023-09-13 04:30:00','',NULL,NULL,0,NULL,2,12,12,4,NULL,NULL,NULL,NULL,NULL,NULL);
INSERT INTO "Cast" VALUES(666,'2023-09-13 04:56:00','2023-09-13 05:14:00','',NULL,NULL,0,NULL,2,12,12,4,NULL,NULL,NULL,NULL,NULL,NULL);
INSERT INTO "Cast" VALUES(667,'2023-09-13 05:40:00','2023-09-13 06:00:00','',NULL,NULL,0,NULL,2,12,12,4,NULL,NULL,NULL,NULL,NULL,NULL);
INSERT INTO "Cast" VALUES(668,'2023-09-13 06:31:00','2023-09-13 07:12:00','',NULL,NULL,0,NULL,2,11,11,4,NULL,NULL,NULL,NULL,NULL,NULL);
INSERT INTO "Cast" VALUES(669,'2023-09-13 07:50:00','2023-09-13 08:22:00','',NULL,NULL,0,NULL,2,11,11,4,NULL,NULL,NULL,NULL,NULL,NULL);
INSERT INTO "Cast" VALUES(670,'2023-09-13 03:00:00','2023-09-13 03:26:00','',NULL,NULL,0,NULL,2,13,13,4,NULL,NULL,NULL,NULL,NULL,NULL);
INSERT INTO "Cast" VALUES(671,'2023-09-13 23:00:00','2023-09-14 00:13:00','',NULL,NULL,0,NULL,2,13,13,4,NULL,NULL,NULL,NULL,NULL,NULL);
INSERT INTO "Cast" VALUES(672,'2023-09-14 00:45:00','2023-09-14 01:00:00','',NULL,NULL,0,NULL,2,13,13,4,NULL,NULL,NULL,NULL,NULL,NULL);
INSERT INTO "Cast" VALUES(673,'2023-09-14 02:29:00','2023-09-14 02:47:00','',NULL,NULL,0,NULL,2,13,13,4,NULL,NULL,NULL,NULL,NULL,NULL);
INSERT INTO "Cast" VALUES(674,'2023-09-14 02:34:00','2023-09-14 02:50:00','',NULL,NULL,0,NULL,2,12,12,4,NULL,NULL,NULL,NULL,NULL,NULL);
INSERT INTO "Cast" VALUES(675,'2023-09-14 03:34:00','2023-09-14 03:46:00','',NULL,NULL,0,NULL,2,12,12,4,NULL,NULL,NULL,NULL,NULL,NULL);
INSERT INTO "Cast" VALUES(676,'2023-09-14 04:33:00','2023-09-14 04:46:00','',NULL,NULL,0,NULL,2,12,12,4,NULL,NULL,NULL,NULL,NULL,NULL);
INSERT INTO "Cast" VALUES(677,'2023-09-14 05:32:00','2023-09-14 05:51:00','',NULL,NULL,0,NULL,2,12,12,4,NULL,NULL,NULL,NULL,NULL,NULL);
INSERT INTO "Cast" VALUES(678,'2023-09-14 02:31:00','2023-09-14 07:33:00','',NULL,NULL,0,NULL,2,11,11,4,NULL,NULL,NULL,NULL,NULL,NULL);
INSERT INTO "Cast" VALUES(679,'2023-09-14 06:31:00','2023-09-14 06:53:00','',NULL,NULL,0,NULL,2,11,11,4,NULL,NULL,NULL,NULL,NULL,NULL);
INSERT INTO "Cast" VALUES(680,'2023-09-15 07:34:00','2023-09-15 07:57:00','',NULL,NULL,0,NULL,2,11,11,4,NULL,NULL,NULL,NULL,NULL,NULL);
INSERT INTO "Cast" VALUES(681,'2023-09-15 08:40:00','2023-09-15 08:58:00','',NULL,NULL,0,NULL,2,11,11,4,NULL,NULL,NULL,NULL,NULL,NULL);
INSERT INTO "Cast" VALUES(682,'2023-09-15 09:40:00','2023-09-15 10:04:00','',NULL,NULL,0,NULL,2,11,11,4,NULL,NULL,NULL,NULL,NULL,NULL);
INSERT INTO "Cast" VALUES(683,'2023-09-14 10:35:00','2023-09-14 10:59:00','',NULL,NULL,0,NULL,2,13,13,4,NULL,NULL,NULL,NULL,NULL,NULL);
INSERT INTO "Cast" VALUES(684,'2023-09-14 11:33:00','2023-09-14 11:53:00','',NULL,NULL,0,NULL,2,13,13,4,NULL,NULL,NULL,NULL,NULL,NULL);
INSERT INTO "Cast" VALUES(685,'2023-09-14 12:32:00','2023-09-14 12:54:00','',NULL,NULL,0,NULL,2,13,13,4,NULL,NULL,NULL,NULL,NULL,NULL);
INSERT INTO "Cast" VALUES(686,'2023-09-14 13:26:00','2023-09-14 13:48:00','',NULL,NULL,0,NULL,2,13,13,4,NULL,NULL,NULL,NULL,NULL,NULL);
INSERT INTO "Cast" VALUES(687,'2023-09-14 14:26:00','2023-09-14 14:34:00','',NULL,NULL,0,NULL,2,12,12,4,NULL,NULL,NULL,NULL,NULL,NULL);
INSERT INTO "Cast" VALUES(688,'2023-09-14 12:53:00','2023-09-14 17:27:00','',NULL,NULL,0,NULL,2,12,12,4,NULL,NULL,NULL,NULL,NULL,NULL);
INSERT INTO "Cast" VALUES(689,'2023-09-14 17:51:00','2023-09-14 18:23:00','',NULL,NULL,0,NULL,2,12,12,4,NULL,NULL,NULL,NULL,NULL,NULL);
INSERT INTO "Cast" VALUES(690,'2023-09-14 18:32:00','2023-09-14 19:23:00','',NULL,NULL,0,NULL,2,11,11,4,NULL,NULL,NULL,NULL,NULL,NULL);
INSERT INTO "Cast" VALUES(691,'2023-09-16 02:39:00','2023-09-16 02:59:00','',NULL,NULL,0,NULL,2,12,12,4,NULL,NULL,NULL,NULL,NULL,NULL);
INSERT INTO "Cast" VALUES(692,'2023-09-16 03:37:00','2023-09-16 03:56:00','',NULL,NULL,0,NULL,2,12,12,4,NULL,NULL,NULL,NULL,NULL,NULL);
INSERT INTO "Cast" VALUES(693,'2023-09-16 04:34:00','2023-09-16 04:54:00','',NULL,NULL,0,NULL,2,12,12,4,NULL,NULL,NULL,NULL,NULL,NULL);
INSERT INTO "Cast" VALUES(694,'2023-09-16 05:30:00','2023-09-16 05:50:00','',NULL,NULL,0,NULL,2,12,12,4,NULL,NULL,NULL,NULL,NULL,NULL);
INSERT INTO "Cast" VALUES(695,'2023-09-16 16:44:00',NULL,'',NULL,NULL,0,NULL,2,NULL,11,4,NULL,NULL,NULL,NULL,NULL,NULL);
INSERT INTO "Cast" VALUES(696,'2023-09-16 07:55:00','2023-09-16 18:29:00','',NULL,NULL,0,NULL,2,11,11,4,NULL,NULL,NULL,NULL,NULL,NULL);
INSERT INTO "Cast" VALUES(697,'2023-09-16 09:22:00','2023-09-16 09:38:00','',NULL,NULL,0,NULL,2,11,11,4,NULL,NULL,NULL,NULL,NULL,NULL);
INSERT INTO "Cast" VALUES(698,'2023-09-16 11:20:00','2023-09-16 11:34:00','',NULL,NULL,0,NULL,2,13,13,4,NULL,NULL,NULL,NULL,NULL,NULL);
INSERT INTO "Cast" VALUES(699,'2023-09-16 13:43:00','2023-09-16 13:58:00','',NULL,NULL,0,NULL,2,13,13,4,NULL,NULL,NULL,NULL,NULL,NULL);
INSERT INTO "Cast" VALUES(700,'2023-09-16 15:45:00','2023-09-16 16:00:00','',NULL,NULL,0,NULL,2,12,12,4,NULL,NULL,NULL,NULL,NULL,NULL);
INSERT INTO "Cast" VALUES(701,'2023-09-16 17:38:00','2023-09-16 18:02:00','',NULL,NULL,0,NULL,2,2,2,4,NULL,NULL,NULL,NULL,NULL,NULL);
INSERT INTO "Cast" VALUES(702,'2023-09-16 19:08:00','2023-09-16 19:39:00','',NULL,NULL,0,NULL,2,3,2,4,NULL,NULL,NULL,NULL,NULL,NULL);
INSERT INTO "Cast" VALUES(703,'2023-09-16 20:32:00','2023-09-16 20:52:00','',NULL,NULL,0,NULL,2,11,11,4,NULL,NULL,NULL,NULL,NULL,NULL);
INSERT INTO "Cast" VALUES(704,'2023-09-16 21:35:00','2023-09-16 21:59:00','',NULL,NULL,0,NULL,2,11,11,4,NULL,NULL,NULL,NULL,NULL,NULL);
INSERT INTO "Cast" VALUES(705,'2023-09-16 22:43:00','2023-09-16 23:06:00','',NULL,NULL,0,NULL,2,13,13,4,NULL,NULL,NULL,NULL,NULL,NULL);
INSERT INTO "Cast" VALUES(706,'2023-09-16 23:49:00','2023-09-17 00:09:00','',NULL,NULL,0,NULL,2,13,13,4,NULL,NULL,NULL,NULL,NULL,NULL);
INSERT INTO "Cast" VALUES(707,'2023-09-17 00:52:00','2023-09-17 01:12:00','',NULL,NULL,0,NULL,2,13,13,4,NULL,NULL,NULL,NULL,NULL,NULL);
INSERT INTO "Cast" VALUES(708,'2023-09-17 01:58:00','2023-09-17 02:13:00','',NULL,NULL,0,NULL,2,13,13,4,NULL,NULL,NULL,NULL,NULL,NULL);
INSERT INTO "Cast" VALUES(709,'2023-09-17 02:55:00','2023-09-17 03:14:00','',NULL,NULL,0,NULL,2,12,12,4,NULL,NULL,NULL,NULL,NULL,NULL);
INSERT INTO "Cast" VALUES(710,'2023-09-17 03:53:00','2023-09-17 04:13:00','',NULL,NULL,0,NULL,2,12,12,4,NULL,NULL,NULL,NULL,NULL,NULL);
INSERT INTO "Cast" VALUES(711,'2023-09-17 04:54:00','2023-09-17 05:10:00','',NULL,NULL,0,NULL,2,12,12,4,NULL,NULL,NULL,NULL,NULL,NULL);
INSERT INTO "Cast" VALUES(712,'2023-09-17 05:49:00','2023-09-17 06:01:00','',NULL,NULL,0,NULL,2,12,12,4,NULL,NULL,NULL,NULL,NULL,NULL);
INSERT INTO "Cast" VALUES(713,'2023-09-20 20:30:00','2023-09-20 20:47:00','',NULL,NULL,0,NULL,2,11,11,4,NULL,NULL,NULL,NULL,NULL,NULL);
INSERT INTO "Cast" VALUES(714,'2023-09-20 21:25:00','2023-09-20 21:49:00','',NULL,NULL,0,NULL,2,13,13,4,NULL,NULL,NULL,NULL,NULL,NULL);
INSERT INTO "Cast" VALUES(715,'2023-09-20 22:30:00','2023-09-20 22:46:00','',NULL,NULL,0,NULL,2,13,13,4,NULL,NULL,NULL,NULL,NULL,NULL);
INSERT INTO "Cast" VALUES(716,'2023-09-20 23:30:00','2023-09-20 23:48:00','',NULL,NULL,0,NULL,2,13,13,4,NULL,NULL,NULL,NULL,NULL,NULL);
INSERT INTO "Cast" VALUES(717,'2023-09-20 20:40:24','2023-09-21 22:46:00','',NULL,NULL,0,NULL,2,13,13,4,NULL,NULL,NULL,NULL,NULL,NULL);
INSERT INTO "Cast" VALUES(718,'2023-09-21 01:31:00','2023-09-21 01:53:00','',NULL,NULL,0,NULL,2,13,13,4,NULL,NULL,NULL,NULL,NULL,NULL);
INSERT INTO "Cast" VALUES(719,'2023-09-21 02:36:00','2023-09-21 03:07:00','',NULL,NULL,0,NULL,2,12,12,4,NULL,NULL,NULL,NULL,NULL,NULL);
INSERT INTO "Cast" VALUES(720,'2023-09-21 03:46:00','2023-09-21 04:15:00','',NULL,NULL,0,NULL,2,12,12,4,NULL,NULL,NULL,NULL,NULL,NULL);
INSERT INTO "Cast" VALUES(721,'2023-09-21 04:40:00','2023-09-21 04:55:00','',NULL,NULL,0,NULL,2,12,12,4,NULL,NULL,NULL,NULL,NULL,NULL);
INSERT INTO "Cast" VALUES(722,'2023-09-21 05:23:00','2023-09-21 05:35:00','',NULL,NULL,0,NULL,2,12,12,4,NULL,NULL,NULL,NULL,NULL,NULL);
INSERT INTO "Cast" VALUES(723,'2023-09-21 06:07:00','2023-09-21 06:28:00','',NULL,NULL,0,NULL,2,11,12,4,NULL,NULL,NULL,NULL,NULL,NULL);
INSERT INTO "Cast" VALUES(724,'2023-09-21 06:57:00','2023-09-21 07:26:00','',NULL,NULL,0,NULL,2,11,11,4,NULL,NULL,NULL,NULL,NULL,NULL);
INSERT INTO "Cast" VALUES(725,'2023-09-21 08:08:00','2023-09-21 09:05:00','',NULL,NULL,0,NULL,2,11,11,4,NULL,NULL,NULL,NULL,NULL,NULL);
INSERT INTO "Cast" VALUES(726,'2023-09-21 09:01:00','2023-09-21 09:22:00','',NULL,NULL,0,NULL,2,11,11,4,NULL,NULL,NULL,NULL,NULL,NULL);
INSERT INTO "Cast" VALUES(727,'2023-09-21 09:59:00','2023-09-21 10:29:00','',NULL,NULL,0,NULL,2,11,11,4,NULL,NULL,NULL,NULL,NULL,NULL);
INSERT INTO "Cast" VALUES(728,'2023-09-21 10:46:00','2023-09-21 10:50:00','',NULL,NULL,0,NULL,2,13,13,4,NULL,NULL,NULL,NULL,NULL,NULL);
INSERT INTO "Cast" VALUES(729,'2023-09-21 19:05:00','2023-09-21 19:25:00','',NULL,NULL,0,NULL,2,2,2,4,NULL,NULL,NULL,NULL,NULL,NULL);
INSERT INTO "Cast" VALUES(745,'2023-10-12 19:03:32','2023-10-12 19:03:39','',155,10,0,10,2,2,2,2,NULL,9600,'2023-10-12 19:03:36.700000',95,9610,NULL);
INSERT INTO "Cast" VALUES(747,'2023-08-01 12:08:34','2023-10-18 12:11:33','',7533,4050,0,2,3,3,1,3,NULL,9557,'2023-08-12 08:47:02.017000',58,9559,2);
INSERT INTO "Cast" VALUES(748,'2023-11-03 12:55:58','2023-11-03 17:37:15','No cod end, in the wheel! Start time in ZD +4, end time utc',785,8,0,6,14,3,3,3,NULL,9553,'2023-11-03 17:19:00.947000',58,9559,1);
INSERT INTO "Cast" VALUES(749,'2023-11-03 18:31:00','2023-11-03 23:32:00','Oscar started, Meral in training, took over cast',2073,140,0,140,4,14,3,3,NULL,9419,'2023-11-03 23:14:09.433000',58,9559,1);
INSERT INTO "Cast" VALUES(750,'2023-11-03 18:31:00','2023-11-03 23:35:31','Oscar started, Meral in training, took over cast',2073,140,0,140,4,14,3,3,NULL,9419,'2023-11-03 23:14:09.433000',58,9559,1);
INSERT INTO "Cast" VALUES(752,'2023-11-03 23:39:54','2023-11-04 00:34:29','',3890,20,0,20,14,3,1,3,NULL,9539,'2023-11-04 00:27:26.223000',58,9559,1);
INSERT INTO "Cast" VALUES(753,'2023-11-04 07:02:46','2023-11-04 08:29:14','',2335,5,0,5,14,1,14,3,NULL,9554,'2023-11-04 08:11:22.707000',58,9559,1);
INSERT INTO "Cast" VALUES(754,'2023-11-04 08:41:53','2023-11-04 14:10:44','',1530,210,0,210,4,14,1,3,NULL,9349,'2023-11-04 13:43:00.587000',58,9559,1);
INSERT INTO "Cast" VALUES(755,'2023-11-04 22:18:00','2023-11-04 23:11:46','',1218,5,0,-6,14,1,1,3,NULL,9559,'2023-11-04 23:11:33.197000',58,9559,1);
INSERT INTO "Cast" VALUES(756,'2023-11-04 23:29:58','2023-11-05 04:38:47','',3741,40,0,40,4,14,1,3,NULL,9519,'2023-11-05 04:25:02.823000',58,9559,1);
INSERT INTO "Cast" VALUES(757,'2023-11-05 21:39:08','2023-11-05 22:21:40','A lot of lobster gear',491,6,0,5,14,3,1,3,NULL,9554,'2023-11-05 22:17:36.747000',58,9559,1);
INSERT INTO "Cast" VALUES(758,'2023-11-06 11:02:31','2023-11-06 15:49:24','All good',150,15,0,15,4,3,1,3,NULL,9544,'2023-11-06 15:43:25.377000',58,9559,1);
INSERT INTO "Cast" VALUES(759,'2023-11-06 15:54:13','2023-11-06 16:43:28','Moving on',133,7,0,7,14,3,3,3,NULL,9552,'2023-11-06 16:27:34.567000',58,9559,1);
INSERT INTO "Cast" VALUES(760,'2023-11-06 20:45:53','2023-11-06 21:22:38','',-47,5,0,5,14,1,1,3,NULL,9554,'2023-11-06 20:53:05.527000',58,9559,1);
INSERT INTO "Cast" VALUES(761,'2023-11-06 21:32:50','2023-11-07 02:21:43','',415,20,0,5,4,3,1,3,NULL,9554,'2023-11-06 21:40:18.933000',58,9559,1);
INSERT INTO "Cast" VALUES(762,'2023-11-07 15:14:41','2023-11-07 21:27:15','Sea state 5!!! This log covers both the pump cast and the net tows after.',2586,80,0,7,4,1,3,3,NULL,9552,'2023-11-07 20:28:34.800000',58,9559,1);
INSERT INTO "Cast" VALUES(763,'2023-12-13 08:25:10','2023-12-22 08:25:26','TEST',1089,10,0,10,14,3,3,2,NULL,9600,'2023-12-13 21:42:34.190000',95,9610,2);
INSERT INTO "Cast" VALUES(766,'2024-02-05 20:25:16','2024-02-19 20:25:32','',6243,543,0,-2,14,3,1,3,NULL,9559,'2024-02-12 10:18:58.350000',58,9559,2);
INSERT INTO "Cast" VALUES(767,'2024-01-31 15:56:24','2024-02-20 15:56:26','test',4000,4000,NULL,NULL,2,NULL,13,4,NULL,NULL,NULL,NULL,NULL,2);
INSERT INTO "Cast" VALUES(768,'2024-01-30 15:58:29','2024-02-20 15:58:34','test',4000,4000,NULL,NULL,2,NULL,13,4,NULL,NULL,NULL,NULL,NULL,2);
INSERT INTO "Cast" VALUES(769,'2024-03-04 17:03:00','2024-03-04 17:03:21','',NULL,NULL,0,NULL,18,12,12,2,NULL,NULL,NULL,95,9610,2);
CREATE TABLE IF NOT EXISTS "OwnershipStatus" ("Id" integer NOT NULL PRIMARY KEY AUTOINCREMENT, "Status" text NULL);
INSERT INTO OwnershipStatus VALUES(1,'in use');
INSERT INTO OwnershipStatus VALUES(2,'in storage');
INSERT INTO OwnershipStatus VALUES(3,'disposed');
CREATE TABLE IF NOT EXISTS "Motor" ("Id" integer NOT NULL PRIMARY KEY AUTOINCREMENT, "Number" integer NULL);
INSERT INTO Motor VALUES(1,431);
INSERT INTO Motor VALUES(2,412);
CREATE TABLE IF NOT EXISTS "TerminationType" ("Id" integer NOT NULL PRIMARY KEY AUTOINCREMENT, "Name" text NOT NULL);
INSERT INTO TerminationType VALUES(1,'poured socket');
INSERT INTO TerminationType VALUES(2,'cable grip');
INSERT INTO TerminationType VALUES(3,'nico press');
INSERT INTO TerminationType VALUES(4,'evergrip');
INSERT INTO TerminationType VALUES(5,'none');
DELETE FROM sqlite_sequence;
INSERT INTO sqlite_sequence VALUES('django_migrations',97);
INSERT INTO sqlite_sequence VALUES('django_admin_log',968);
INSERT INTO sqlite_sequence VALUES('django_content_type',35);
INSERT INTO sqlite_sequence VALUES('auth_permission',144);
INSERT INTO sqlite_sequence VALUES('auth_group',0);
INSERT INTO sqlite_sequence VALUES('auth_user',4);
INSERT INTO sqlite_sequence VALUES('Calibration',0);
INSERT INTO sqlite_sequence VALUES('Lubrication',0);
INSERT INTO sqlite_sequence VALUES('WinchOperator',14);
INSERT INTO sqlite_sequence VALUES('CalibrationMeta',1);
INSERT INTO sqlite_sequence VALUES('Dynomometer',0);
INSERT INTO sqlite_sequence VALUES('Frame',2);
INSERT INTO sqlite_sequence VALUES('WireRopeData',6);
INSERT INTO sqlite_sequence VALUES('DeploymentType',23);
INSERT INTO sqlite_sequence VALUES('Wire',16);
INSERT INTO sqlite_sequence VALUES('CutbackRetermination',49);
INSERT INTO sqlite_sequence VALUES('DrumLocation',29);
INSERT INTO sqlite_sequence VALUES('Winch',4);
INSERT INTO sqlite_sequence VALUES('FactorOfSafety',4);
INSERT INTO sqlite_sequence VALUES('Drum',19);
INSERT INTO sqlite_sequence VALUES('WireDrum',12);
INSERT INTO sqlite_sequence VALUES('Cruise',23);
INSERT INTO sqlite_sequence VALUES('BreakTest',25);
INSERT INTO sqlite_sequence VALUES('Cast',769);
INSERT INTO sqlite_sequence VALUES('OwnershipStatus',3);
INSERT INTO sqlite_sequence VALUES('Motor',2);
INSERT INTO sqlite_sequence VALUES('TerminationType',5);
CREATE UNIQUE INDEX "auth_group_permissions_group_id_permission_id_0cd325b0_uniq" ON "auth_group_permissions" ("group_id", "permission_id");
CREATE INDEX "auth_group_permissions_group_id_b120cbf9" ON "auth_group_permissions" ("group_id");
CREATE INDEX "auth_group_permissions_permission_id_84c5c92e" ON "auth_group_permissions" ("permission_id");
CREATE UNIQUE INDEX "auth_user_groups_user_id_group_id_94350c0c_uniq" ON "auth_user_groups" ("user_id", "group_id");
CREATE INDEX "auth_user_groups_user_id_6a12ed8b" ON "auth_user_groups" ("user_id");
CREATE INDEX "auth_user_groups_group_id_97559544" ON "auth_user_groups" ("group_id");
CREATE UNIQUE INDEX "auth_user_user_permissions_user_id_permission_id_14a6b632_uniq" ON "auth_user_user_permissions" ("user_id", "permission_id");
CREATE INDEX "auth_user_user_permissions_user_id_a95ead1b" ON "auth_user_user_permissions" ("user_id");
CREATE INDEX "auth_user_user_permissions_permission_id_1fbb5f2c" ON "auth_user_user_permissions" ("permission_id");
CREATE INDEX "django_admin_log_content_type_id_c4bce8eb" ON "django_admin_log" ("content_type_id");
CREATE INDEX "django_admin_log_user_id_c564eba6" ON "django_admin_log" ("user_id");
CREATE UNIQUE INDEX "django_content_type_app_label_model_76bd3d3b_uniq" ON "django_content_type" ("app_label", "model");
CREATE UNIQUE INDEX "auth_permission_content_type_id_codename_01ab375a_uniq" ON "auth_permission" ("content_type_id", "codename");
CREATE INDEX "auth_permission_content_type_id_2f476e4b" ON "auth_permission" ("content_type_id");
CREATE INDEX "django_session_expire_date_a5c62663" ON "django_session" ("expire_date");
CREATE INDEX "Calibration_CalibrationId_67d0f928" ON "Calibration" ("CalibrationId");
CREATE INDEX "Lubrication_WireId_a5970d04" ON "Lubrication" ("WireId");
CREATE INDEX "CalibrationMeta_DynomometerId_4007a309" ON "CalibrationMeta" ("DynomometerId");
CREATE INDEX "CalibrationMeta_FrameId_560b1c94" ON "CalibrationMeta" ("FrameId");
CREATE INDEX "CalibrationMeta_OperatorId_713a8c07" ON "CalibrationMeta" ("OperatorId");
CREATE INDEX "CalibrationMeta_WinchId_837a8383" ON "CalibrationMeta" ("WinchId");
CREATE INDEX "CalibrationMeta_WireId_b6db09d9" ON "CalibrationMeta" ("WireId");
CREATE INDEX "Wire_WireRopeId_690ad4ef" ON "Wire" ("WireRopeId");
CREATE INDEX "Wire_WinchId_5790bfff" ON "Wire" ("WinchId");
CREATE INDEX "CutbackRetermination_WireId_579b5e72" ON "CutbackRetermination" ("WireId");
CREATE INDEX "DrumLocation_DrumId_dd8e38b6" ON "DrumLocation" ("DrumId");
CREATE INDEX "DrumLocation_EnteredBy_8358333e" ON "DrumLocation" ("EnteredBy");
CREATE INDEX "DrumLocation_LocationId_c4422d2f" ON "DrumLocation" ("LocationId");
CREATE INDEX "DrumLocation_WinchId_a86619c3" ON "DrumLocation" ("WinchId");
CREATE INDEX "Wire_FactorofSafety_d7eefb94" ON "Wire" ("FactorofSafety");
CREATE INDEX "WireDrum_WireId_a9064886" ON "WireDrum" ("WireId");
CREATE INDEX "WireDrum_DrumId_0bdf04de" ON "WireDrum" ("DrumId");
CREATE INDEX "BreakTest_WireId_65b2b25a" ON "BreakTest" ("WireId");
CREATE INDEX "Cast_DeploymentTypeId_c51b979a" ON "Cast" ("DeploymentTypeId");
CREATE INDEX "Cast_EndOperatorId_66a111fb" ON "Cast" ("EndOperatorId");
CREATE INDEX "Cast_StartOperatorId_c4fa7faa" ON "Cast" ("StartOperatorId");
CREATE INDEX "Cast_WinchId_8c5e780e" ON "Cast" ("WinchId");
CREATE INDEX "Cast_WireId_7beb9dab" ON "Cast" ("WireId");
CREATE INDEX "Wire_OwnershipStatusId_6a25a91b" ON "Wire" ("OwnershipStatusId");
CREATE INDEX "Cast_MotorId_96dd08ed" ON "Cast" ("MotorId");
CREATE INDEX "DrumLocation_WireId_c1e1f993" ON "DrumLocation" ("WireId");
CREATE INDEX "CutbackRetermination_TerminationType_bec92fea" ON "CutbackRetermination" ("TerminationType");
COMMIT;
